Count,Message,Traceback,Nodes
1,Response ended prematurely,"  File ""C:\Users\bchainani001\Desktop\bhav_projects\chatbot-performance-testing\venv\Lib\site-packages\locust\user\task.py"", line 363, in run
    self.execute_next_task()
    ~~~~~~~~~~~~~~~~~~~~~~^^
  File ""C:\Users\bchainani001\Desktop\bhav_projects\chatbot-performance-testing\venv\Lib\site-packages\locust\user\task.py"", line 396, in execute_next_task
    self.execute_task(self._task_queue.popleft())
    ~~~~~~~~~~~~~~~~~^^^^^^^^^^^^^^^^^^^^^^^^^^^^
  File ""C:\Users\bchainani001\Desktop\bhav_projects\chatbot-performance-testing\venv\Lib\site-packages\locust\user\task.py"", line 513, in execute_task
    task(self.user)
    ~~~~^^^^^^^^^^^
  File ""C:\Users\bchainani001\Desktop\bhav_projects\chatbot-performance-testing\src\locustfile.py"", line 392, in send_chat_message
    for line in resp.iter_lines():
                ~~~~~~~~~~~~~~~^^
  File ""C:\Users\bchainani001\Desktop\bhav_projects\chatbot-performance-testing\venv\Lib\site-packages\requests\models.py"", line 871, in iter_lines
    for chunk in self.iter_content(
                 ~~~~~~~~~~~~~~~~~^
        chunk_size=chunk_size, decode_unicode=decode_unicode
        ^^^^^^^^^^^^^^^^^^^^^^^^^^^^^^^^^^^^^^^^^^^^^^^^^^^^
    ):
    ^
  File ""C:\Users\bchainani001\Desktop\bhav_projects\chatbot-performance-testing\venv\Lib\site-packages\requests\models.py"", line 824, in generate
    raise ChunkedEncodingError(e)
",local
