Timestamp,User Count,Type,Name,Requests/s,Failures/s,50%,66%,75%,80%,90%,95%,98%,99%,99.9%,99.99%,100%,Total Request Count,Total Failure Count,Total Median Response Time,Total Average Response Time,Total Min Response Time,Total Max Response Time,Total Average Content Size
1751552958,0,,Aggregated,0.000000,0.000000,N/A,N/A,N/A,N/A,N/A,N/A,N/A,N/A,N/A,N/A,N/A,0,0,0,0.0,0,0,0
1751552959,10,,Aggregated,0.000000,0.000000,N/A,N/A,N/A,N/A,N/A,N/A,N/A,N/A,N/A,N/A,N/A,0,0,0,0.0,0,0,0
1751552960,20,,Aggregated,0.000000,0.000000,1200,1200,1200,1200,1800,1800,1800,1800,1800,1800,1800,10,0,1200.0,1229.2029252741486,1156.8458029069006,1751.809448003769,275618.4
1751552961,30,,Aggregated,0.000000,0.000000,1300,1300,1300,1300,1300,1600,1800,1800,1800,1800,1800,21,0,1300.0,1280.6141276932544,977.1846199873835,1751.809448003769,275618.6666666667
1751552962,40,,Aggregated,4.500000,0.000000,1300,1300,1700,1700,1700,1700,1800,1800,1800,1800,1800,32,0,1300.0,1334.9591133010108,837.8813988529146,1751.809448003769,275619.0
1751552963,50,,Aggregated,3.333333,0.000000,1300,1600,1600,1700,1700,1700,1700,1800,1800,1800,1800,51,0,1300.0,1298.3061047225242,409.8914770875126,1751.809448003769,275619.0588235294
1751552964,50,,Aggregated,5.750000,0.000000,1200,1300,1600,1600,1700,1700,1700,1800,1800,1800,1800,75,0,1200.0,1185.3110876400024,409.8914770875126,1751.809448003769,275619.0933333333
1751552965,50,,Aggregated,6.600000,0.000000,1100,1200,1300,1600,1700,1700,1700,1800,1800,1800,1800,93,0,1100.0,1013.713860055632,197.93762895278633,1751.809448003769,275618.94623655913
1751552966,50,,Aggregated,10.000000,0.000000,870,1200,1300,1300,1600,1700,1700,1700,1800,1800,1800,114,0,870.0,894.6832904935276,197.93762895278633,1751.809448003769,275618.98245614034
1751552967,50,,Aggregated,11.857143,0.000000,740,1100,1200,1300,1600,1700,1700,1700,1800,1800,1800,140,0,720.0,830.6314904209493,197.93762895278633,1751.809448003769,275619.0142857143
1751552968,50,,Aggregated,12.250000,0.000000,610,880,1200,1200,1600,1700,1700,1700,1800,1800,1800,159,0,610.0,765.2921655885992,190.40897209197283,1751.809448003769,275618.90566037735
1751552969,50,,Aggregated,13.444444,0.000000,540,800,1200,1200,1600,1700,1700,1700,1800,1800,1800,184,0,530.0,699.8060783548483,190.40897209197283,1751.809448003769,275618.902173913
1751552970,50,,Aggregated,14.800000,0.000000,460,740,980,1200,1500,1700,1700,1700,1800,1800,1800,203,0,460.0,658.6168257581538,190.40897209197283,1751.809448003769,275618.93596059113
1751552971,50,,Aggregated,16.600000,0.000000,410,620,880,1200,1300,1600,1700,1700,1800,1800,1800,222,0,410.0,626.27532040629,190.40897209197283,1751.809448003769,275619.03603603604
1751552972,50,,Aggregated,17.900000,0.000000,410,590,800,1000,1300,1600,1700,1700,1800,1800,1800,247,0,410.0,599.9767124560484,190.40897209197283,1751.809448003769,275619.028340081
1751552973,50,,Aggregated,19.600000,0.000000,360,560,760,890,1300,1600,1700,1700,1800,1800,1800,267,0,360.0,572.243224434408,190.40897209197283,1751.809448003769,275618.98876404495
1751552974,50,,Aggregated,20.500000,0.000000,340,490,690,870,1300,1600,1700,1700,1800,1800,1800,290,0,340.0,549.6635136828789,190.40897209197283,1751.809448003769,275618.9172413793
1751552975,50,,Aggregated,22.000000,0.000000,330,450,620,800,1200,1600,1700,1700,1800,1800,1800,308,0,330.0,534.1619404044922,190.40897209197283,1751.809448003769,275618.8896103896
1751552976,50,,Aggregated,21.300000,0.000000,320,430,600,760,1200,1600,1700,1700,1800,1800,1800,328,0,320.0,518.9364240433816,189.65350999496877,1751.809448003769,275618.90853658534
1751552977,50,,Aggregated,20.900000,0.000000,320,410,560,720,1200,1600,1700,1700,1800,1800,1800,352,0,320.0,505.5677794205787,189.65350999496877,1751.809448003769,275618.9034090909
1751552978,50,,Aggregated,21.900000,0.000000,330,410,540,620,1200,1600,1700,1700,1800,1800,1800,375,0,330.0,497.84433895597857,178.46155283041298,1751.809448003769,275618.9546666667
1751552979,50,,Aggregated,21.400000,0.000000,320,400,510,610,1200,1500,1700,1700,1800,1800,1800,395,0,320.0,484.8998231624689,178.46155283041298,1751.809448003769,275618.9873417721
1751552980,50,,Aggregated,21.300000,0.000000,310,390,480,590,1200,1500,1700,1700,1800,1800,1800,417,0,310.0,472.347432695557,178.46155283041298,1751.809448003769,275618.9928057554
1751552981,50,,Aggregated,21.500000,0.000000,320,380,450,560,1200,1300,1700,1700,1800,1800,1800,442,0,310.0,465.68958986733884,178.46155283041298,1751.809448003769,275618.98642533936
1751552982,50,,Aggregated,21.500000,0.000000,310,370,440,540,1100,1300,1700,1700,1800,1800,1800,462,0,310.0,456.5833400636589,178.46155283041298,1751.809448003769,275618.96536796534
1751552983,50,,Aggregated,21.700000,0.000000,310,360,430,530,1100,1300,1700,1700,1800,1800,1800,480,0,310.0,450.41430272103753,178.46155283041298,1751.809448003769,275618.95
1751552984,50,,Aggregated,22.100000,0.000000,320,380,450,520,980,1300,1700,1700,1800,1800,1800,507,0,320.0,449.5405916457985,178.46155283041298,1751.809448003769,275618.94674556213
1751552985,50,,Aggregated,21.200000,0.000000,320,380,430,500,900,1300,1700,1700,1800,1800,1800,529,0,320.0,443.9809579056263,178.46155283041298,1751.809448003769,275618.91871455574
1751552986,50,,Aggregated,21.400000,0.000000,320,370,420,490,880,1300,1700,1700,1800,1800,1800,550,0,310.0,438.6445096296004,178.46155283041298,1751.809448003769,275618.90545454546
1751552987,50,,Aggregated,22.000000,0.000000,320,370,420,480,870,1300,1600,1700,1800,1800,1800,574,0,320.0,433.94843908351316,178.46155283041298,1751.809448003769,275618.9163763066
1751552988,50,,Aggregated,21.600000,0.000000,310,360,410,470,820,1300,1600,1700,1800,1800,1800,591,0,310.0,429.1877028120244,178.46155283041298,1751.809448003769,275618.9340101523
1751552989,50,,Aggregated,22.000000,0.000000,310,360,410,460,800,1200,1600,1700,1800,1800,1800,614,0,310.0,424.94843740786763,178.46155283041298,1751.809448003769,275618.94788273616
1751552990,50,,Aggregated,21.900000,0.000000,310,360,410,450,780,1200,1600,1700,1800,1800,1800,637,0,310.0,422.2106710631909,178.46155283041298,1751.809448003769,275618.94819466246
1751552991,50,,Aggregated,21.500000,0.000000,320,360,410,440,760,1200,1600,1700,1800,1800,1800,659,0,320.0,418.4408248391579,178.46155283041298,1751.809448003769,275618.94081942335
1751552992,50,,Aggregated,21.700000,0.000000,310,360,400,430,750,1200,1600,1700,1800,1800,1800,679,0,310.0,413.29063097390843,178.46155283041298,1751.809448003769,275618.94256259204
1751552993,50,,Aggregated,21.900000,0.000000,310,350,400,420,740,1200,1600,1700,1800,1800,1800,699,0,310.0,409.3834200879967,178.46155283041298,1751.809448003769,275618.9298998569
1751552994,50,,Aggregated,21.500000,0.000000,310,360,400,430,690,1200,1600,1700,1800,1800,1800,721,0,310.0,410.1928678905041,178.46155283041298,1751.809448003769,275618.94036061026
1751552995,50,,Aggregated,21.800000,0.000000,310,360,410,440,670,1200,1600,1700,1800,1800,1800,745,0,310.0,408.58931630043526,178.46155283041298,1751.809448003769,275618.89932885906
1751552996,50,,Aggregated,21.600000,0.000000,310,360,400,430,630,1200,1600,1700,1800,1800,1800,761,0,310.0,405.2425868620756,178.46155283041298,1751.809448003769,275618.90932982916
1751552997,50,,Aggregated,21.800000,0.000000,310,360,400,430,620,1200,1600,1700,1800,1800,1800,782,0,310.0,404.0471565367206,178.46155283041298,1751.809448003769,275618.9028132992
1751552998,50,,Aggregated,21.800000,0.000000,320,370,410,440,620,1200,1600,1700,1800,1800,1800,809,0,320.0,405.31642465968474,178.46155283041298,1751.809448003769,275618.9023485785
1751552999,50,,Aggregated,21.300000,0.000000,310,370,410,440,610,1200,1600,1700,1800,1800,1800,826,0,310.0,401.89928246507554,178.46155283041298,1751.809448003769,275618.9055690073
1751553000,50,,Aggregated,21.000000,0.000000,320,370,410,450,630,1200,1600,1700,1800,1800,1800,844,0,320.0,406.06590594447516,178.46155283041298,1751.809448003769,275618.90521327016
1751553001,50,,Aggregated,21.600000,0.000000,320,380,420,470,690,1200,1600,1700,1800,1800,1800,862,0,320.0,411.53049310820563,178.46155283041298,1751.809448003769,275618.9048723898
1751553002,50,,Aggregated,20.900000,0.000000,320,380,430,490,750,1200,1600,1700,1800,1800,1800,877,0,320.0,421.1354269757612,178.46155283041298,1751.809448003769,275618.8939566705
1751553003,50,,Aggregated,20.700000,0.000000,330,390,460,530,780,1200,1600,1700,1800,1800,1800,904,0,330.0,431.61480460162437,178.46155283041298,1751.809448003769,275618.90486725664
1751553004,50,,Aggregated,20.300000,0.000000,330,390,460,530,770,1200,1600,1700,1800,1800,1800,924,0,330.0,430.7277452551409,178.46155283041298,1751.809448003769,275618.90692640695
1751553005,50,,Aggregated,20.200000,0.000000,330,390,460,520,770,1200,1600,1700,1800,1800,1800,940,0,330.0,429.8697599623491,178.46155283041298,1751.809448003769,275618.9085106383
1751553006,50,,Aggregated,20.500000,0.000000,330,400,460,520,760,1100,1500,1700,1800,1800,1800,967,0,330.0,429.76463531965493,178.46155283041298,1751.809448003769,275618.9100310238
1751553007,50,,Aggregated,19.600000,0.000000,330,400,450,510,760,1100,1500,1700,1800,1800,1800,979,0,330.0,427.8426800309409,178.46155283041298,1751.809448003769,275618.886618999
1751553008,50,,Aggregated,19.700000,0.000000,330,400,450,500,750,1100,1500,1700,1700,1800,1800,1004,0,330.0,425.8308492696462,178.46155283041298,1751.809448003769,275618.88844621513
1751553009,50,,Aggregated,20.000000,0.000000,330,400,450,500,750,1100,1500,1700,1700,1800,1800,1026,0,330.0,425.234501381254,178.46155283041298,1751.809448003769,275618.8888888889
1751553010,50,,Aggregated,19.600000,0.000000,330,400,450,500,740,1100,1500,1700,1700,1800,1800,1047,0,330.0,422.0869031197942,178.46155283041298,1751.809448003769,275618.89971346705
1751553011,50,,Aggregated,19.700000,0.000000,330,400,440,500,740,1100,1300,1700,1700,1800,1800,1067,0,330.0,420.52270435063025,178.46155283041298,1751.809448003769,275618.91096532333
1751553012,50,,Aggregated,20.100000,0.000000,330,390,440,500,730,1100,1300,1700,1700,1800,1800,1089,0,330.0,418.26958452647295,178.46155283041298,1751.809448003769,275618.8980716253
1751553013,50,,Aggregated,20.300000,0.000000,330,390,440,490,720,1100,1300,1600,1700,1800,1800,1106,0,330.0,417.01042949252343,178.46155283041298,1751.809448003769,275618.8933092224
1751553014,50,,Aggregated,20.800000,0.000000,330,400,450,500,720,1000,1300,1600,1700,1800,1800,1131,0,330.0,418.1473857880044,178.46155283041298,1751.809448003769,275618.8965517241
1751553015,50,,Aggregated,20.700000,0.000000,330,400,450,490,720,1000,1300,1600,1700,1800,1800,1152,0,330.0,415.8024897507049,178.46155283041298,1751.809448003769,275618.91319444444
1751553016,50,,Aggregated,20.400000,0.000000,330,400,440,490,710,1000,1300,1600,1700,1800,1800,1169,0,330.0,414.7092538435248,178.46155283041298,1751.809448003769,275618.92728828057
1751553017,50,,Aggregated,21.200000,0.000000,340,400,450,500,700,1000,1300,1600,1700,1800,1800,1192,0,340.0,415.99925051149506,178.46155283041298,1751.809448003769,275618.92953020136
1751553018,50,,Aggregated,20.700000,0.000000,340,400,450,490,700,1000,1300,1600,1700,1800,1800,1218,0,340.0,415.288551961919,178.46155283041298,1751.809448003769,275618.93267651886
1751553019,50,,Aggregated,20.400000,0.000000,340,400,450,490,700,990,1300,1600,1700,1800,1800,1240,0,340.0,413.5052479816706,178.46155283041298,1751.809448003769,275618.93870967743
1751553020,50,,Aggregated,21.200000,0.000000,340,400,450,490,690,970,1300,1600,1700,1800,1800,1266,0,340.0,412.8385891273138,178.46155283041298,1751.809448003769,275618.9336492891
1751553021,50,,Aggregated,21.100000,0.000000,340,400,440,490,690,920,1300,1600,1700,1800,1800,1285,0,340.0,410.63871268520006,178.46155283041298,1751.809448003769,275618.9447470817
1751553022,50,,Aggregated,21.300000,0.000000,340,400,440,490,680,900,1300,1600,1700,1800,1800,1304,0,340.0,409.77931913917604,178.46155283041298,1751.809448003769,275618.9478527607
1751553023,50,,Aggregated,21.700000,0.000000,340,400,450,490,670,890,1300,1600,1700,1800,1800,1331,0,340.0,411.4838930042454,178.46155283041298,1751.809448003769,275618.9466566491
1751553024,50,,Aggregated,21.200000,0.000000,340,400,450,490,670,880,1300,1600,1700,1800,1800,1354,0,340.0,409.95983905286187,178.46155283041298,1751.809448003769,275618.9483013294
1751553025,50,,Aggregated,21.900000,0.000000,330,400,440,480,670,880,1300,1600,1700,1800,1800,1380,0,330.0,407.39685105905613,178.46155283041298,1751.809448003769,275618.93913043477
1751553026,50,,Aggregated,22.300000,0.000000,330,400,440,480,660,880,1300,1600,1700,1800,1800,1393,0,330.0,406.69961563747427,178.46155283041298,1751.809448003769,275618.91888011486
1751553027,50,,Aggregated,22.000000,0.000000,340,400,450,490,650,870,1300,1600,1700,1800,1800,1417,0,340.0,409.0279074738705,178.46155283041298,1751.809448003769,275618.9301340861
1751553028,50,,Aggregated,22.800000,0.000000,340,400,450,490,640,870,1300,1600,1700,1800,1800,1437,0,340.0,408.0216062401675,176.09053803607821,1751.809448003769,275618.9422407794
1751553029,50,,Aggregated,22.300000,0.000000,340,400,450,490,640,850,1300,1600,1700,1800,1800,1456,0,340.0,407.054926723064,176.09053803607821,1751.809448003769,275618.9326923077
1751553030,50,,Aggregated,22.200000,0.000000,340,400,450,490,630,830,1300,1600,1700,1800,1800,1482,0,340.0,407.46295542092355,176.09053803607821,1751.809448003769,275618.9419703104
1751553031,50,,Aggregated,22.200000,0.000000,340,400,450,490,620,820,1200,1600,1700,1800,1800,1502,0,340.0,405.90643827287545,176.09053803607821,1751.809448003769,275618.9414114514
1751553032,50,,Aggregated,21.800000,0.000000,340,400,450,490,620,820,1200,1600,1700,1800,1800,1520,0,340.0,404.00630848813114,176.09053803607821,1751.809448003769,275618.92631578946
1751553033,50,,Aggregated,21.800000,0.000000,340,400,450,490,620,820,1200,1600,1700,1800,1800,1541,0,340.0,404.3740354488029,176.09053803607821,1751.809448003769,275618.93445814407
1751553034,50,,Aggregated,21.900000,0.000000,340,400,450,480,620,820,1200,1600,1700,1800,1800,1566,0,340.0,403.2127945529271,176.09053803607821,1751.809448003769,275618.92975734355
1751553035,50,,Aggregated,21.100000,0.000000,330,400,450,480,620,810,1200,1600,1700,1800,1800,1587,0,330.0,401.3001656335225,176.09053803607821,1751.809448003769,275618.93509766855
1751553036,50,,Aggregated,21.200000,0.000000,330,400,440,480,610,810,1200,1600,1700,1800,1800,1610,0,330.0,399.4312270703546,176.09053803607821,1751.809448003769,275618.9403726708
1751553037,50,,Aggregated,21.300000,0.000000,330,400,440,480,610,810,1200,1600,1700,1800,1800,1631,0,330.0,397.8369702725796,176.09053803607821,1751.809448003769,275618.9368485592
1751553038,50,,Aggregated,20.800000,0.000000,330,390,440,480,600,800,1200,1600,1700,1800,1800,1653,0,330.0,395.7930030133598,176.09053803607821,1751.809448003769,275618.93647912884
1751553039,50,,Aggregated,21.700000,0.000000,330,390,440,470,590,800,1200,1600,1700,1800,1800,1673,0,330.0,393.86284563095336,176.09053803607821,1751.809448003769,275618.9479976091
1751553040,50,,Aggregated,21.600000,0.000000,330,390,440,470,590,800,1200,1600,1700,1800,1800,1696,0,330.0,393.78716106656145,176.09053803607821,1751.809448003769,275618.9445754717
1751553041,50,,Aggregated,21.500000,0.000000,330,390,440,470,590,800,1200,1600,1700,1800,1800,1719,0,330.0,393.87128356418344,176.09053803607821,1751.809448003769,275618.9447353112
1751553042,50,,Aggregated,21.400000,0.000000,330,390,440,470,590,800,1200,1600,1700,1800,1800,1738,0,330.0,392.0217238823959,176.09053803607821,1751.809448003769,275618.9608745685
1751553043,50,,Aggregated,21.200000,0.000000,330,390,430,470,590,800,1200,1600,1700,1800,1800,1758,0,330.0,391.1066754165914,176.09053803607821,1751.809448003769,275618.94994311716
1751553044,50,,Aggregated,21.800000,0.000000,330,400,440,480,590,780,1200,1600,1700,1800,1800,1782,0,330.0,393.2718606701008,176.09053803607821,1751.809448003769,275618.9528619529
1751553045,50,,Aggregated,21.800000,0.000000,330,400,440,480,590,790,1200,1600,1700,1800,1800,1796,0,330.0,393.06093572005256,176.09053803607821,1751.809448003769,275618.9543429844
1751553046,50,,Aggregated,21.400000,0.000000,330,400,440,480,590,780,1200,1600,1700,1800,1800,1822,0,330.0,393.4524624200045,176.09053803607821,1751.809448003769,275618.95609220635
1751553047,50,,Aggregated,21.400000,0.000000,330,400,440,480,590,780,1200,1600,1700,1800,1800,1842,0,330.0,392.85911069831525,176.09053803607821,1751.809448003769,275618.95982627576
1751553048,50,,Aggregated,21.000000,0.000000,330,400,440,470,590,780,1200,1600,1700,1800,1800,1859,0,330.0,391.71355880517365,176.09053803607821,1751.809448003769,275618.96180742333
1751553049,50,,Aggregated,21.400000,0.000000,330,400,440,480,590,770,1200,1600,1700,1800,1800,1884,0,330.0,392.28973701270496,176.09053803607821,1751.809448003769,275618.95647558384
1751553050,50,,Aggregated,20.700000,0.000000,330,400,440,480,580,770,1200,1500,1700,1800,1800,1903,0,330.0,391.12020111840985,176.09053803607821,1751.809448003769,275618.96058854443
1751553051,50,,Aggregated,20.600000,0.000000,330,400,440,470,580,760,1200,1500,1700,1800,1800,1923,0,330.0,390.7127841090027,176.09053803607821,1751.809448003769,275618.96203848155
1751553052,50,,Aggregated,21.200000,0.000000,330,400,440,480,580,760,1200,1500,1700,1800,1800,1948,0,330.0,392.05256942038096,176.09053803607821,1751.809448003769,275618.96201232035
1751553053,50,,Aggregated,20.700000,0.000000,330,400,440,480,580,760,1200,1500,1700,1800,1800,1968,0,330.0,391.6432057234991,176.09053803607821,1751.809448003769,275618.9695121951
1751553054,50,,Aggregated,20.300000,0.000000,330,400,440,480,580,760,1200,1500,1700,1800,1800,1987,0,330.0,390.98944709304425,176.09053803607821,1751.809448003769,275618.9662808254
1751553055,50,,Aggregated,21.100000,0.000000,330,400,440,480,580,760,1200,1500,1700,1800,1800,2011,0,330.0,390.72417538168025,176.09053803607821,1751.809448003769,275618.9716558926
1751553056,50,,Aggregated,20.900000,0.000000,330,400,440,480,580,750,1200,1500,1700,1800,1800,2031,0,330.0,389.23022089730574,176.09053803607821,1751.809448003769,275618.9758739537
1751553057,50,,Aggregated,20.500000,0.000000,330,400,440,470,580,750,1200,1500,1700,1800,1800,2055,0,330.0,388.8435686487532,176.09053803607821,1751.809448003769,275618.9781021898
1751553058,50,,Aggregated,21.300000,0.000000,330,400,440,470,570,750,1200,1500,1700,1800,1800,2078,0,330.0,388.64494877897874,176.09053803607821,1751.809448003769,275618.9826756497
1751553059,50,,Aggregated,20.700000,0.000000,330,400,440,470,570,750,1200,1500,1700,1800,1800,2097,0,330.0,387.7278873918984,176.09053803607821,1751.809448003769,275618.9852169766
1751553060,50,,Aggregated,21.400000,0.000000,330,400,440,470,570,740,1200,1300,1700,1800,1800,2114,0,330.0,388.21940235846455,176.09053803607821,1751.809448003769,275618.99243140966
1751553061,50,,Aggregated,21.700000,0.000000,330,400,440,480,580,740,1200,1300,1700,1800,1800,2139,0,330.0,389.8226297006591,176.09053803607821,1751.809448003769,275618.9911173445
1751553062,50,,Aggregated,21.300000,0.000000,330,400,440,480,580,740,1200,1300,1700,1800,1800,2158,0,330.0,389.2067523649009,176.09053803607821,1751.809448003769,275618.9916589435
1751553063,50,,Aggregated,21.000000,0.000000,340,400,440,480,580,740,1200,1300,1700,1800,1800,2179,0,340.0,389.1016027074651,176.09053803607821,1751.809448003769,275618.9940339605
1751553064,50,,Aggregated,21.600000,0.000000,330,400,440,480,570,740,1200,1300,1700,1800,1800,2199,0,330.0,388.52167523189917,176.09053803607821,1751.809448003769,275618.9977262392
1751553065,50,,Aggregated,20.900000,0.000000,330,400,440,470,570,730,1200,1300,1700,1800,1800,2221,0,330.0,387.6461475504288,176.09053803607821,1751.809448003769,275618.9968482666
1751553066,50,,Aggregated,21.400000,0.000000,330,400,440,470,570,720,1200,1300,1700,1800,1800,2242,0,330.0,387.0568340809361,176.09053803607821,1751.809448003769,275618.99018733273
1751553067,50,,Aggregated,21.200000,0.000000,330,400,440,470,570,720,1200,1300,1700,1800,1800,2267,0,330.0,386.16493801217825,176.09053803607821,1751.809448003769,275618.9925011028
1751553068,50,,Aggregated,21.100000,0.000000,330,400,440,470,570,720,1200,1300,1700,1800,1800,2287,0,330.0,385.6349117439208,176.09053803607821,1751.809448003769,275618.9978137298
1751553069,50,,Aggregated,21.500000,0.000000,330,400,440,470,570,720,1200,1300,1700,1800,1800,2309,0,330.0,385.6635151250266,176.09053803607821,1751.809448003769,275618.99610220874
1751553070,50,,Aggregated,21.400000,0.000000,330,400,440,470,570,720,1200,1300,1700,1800,1800,2331,0,330.0,385.00424673497525,176.09053803607821,1751.809448003769,275618.99785499787
1751553071,50,,Aggregated,20.800000,0.000000,330,400,440,470,560,720,1200,1300,1700,1800,1800,2352,0,330.0,383.7981675769326,176.09053803607821,1751.809448003769,275619.0008503401
1751553072,50,,Aggregated,21.200000,0.000000,330,400,440,470,560,710,1200,1300,1700,1800,1800,2374,0,330.0,382.96694293602116,176.09053803607821,1751.809448003769,275619.0033698399
1751553073,50,,Aggregated,21.600000,0.000000,330,400,440,470,560,710,1200,1300,1700,1800,1800,2389,0,330.0,381.93934005330397,176.09053803607821,1751.809448003769,275619.0087902888
1751553074,50,,Aggregated,21.200000,0.000000,330,400,440,470,560,710,1100,1300,1700,1800,1800,2412,0,330.0,381.6331007038506,176.09053803607821,1751.809448003769,275619.0008291874
1751553075,50,,Aggregated,21.700000,0.000000,330,400,440,470,560,700,1100,1300,1700,1800,1800,2436,0,330.0,381.2905416497234,176.09053803607821,1751.809448003769,275618.99014778325
1751553076,50,,Aggregated,21.000000,0.000000,330,390,430,470,560,700,1100,1300,1700,1800,1800,2457,0,330.0,380.0871470932859,176.09053803607821,1751.809448003769,275618.99796499795
1751553077,50,,Aggregated,21.300000,0.000000,330,400,430,460,560,700,1100,1300,1700,1800,1800,2481,0,330.0,379.9685297714241,176.09053803607821,1751.809448003769,275618.99959693674
1751553078,50,,Aggregated,21.300000,0.000000,330,390,430,460,560,700,1100,1300,1700,1800,1800,2500,0,330.0,379.0269026327878,176.09053803607821,1751.809448003769,275619.004
1751553079,50,,Aggregated,20.900000,0.000000,330,390,430,460,560,700,1100,1300,1700,1800,1800,2517,0,330.0,378.4232373706616,176.09053803607821,1751.809448003769,275618.99960270163
1751553080,50,,Aggregated,21.200000,0.000000,330,400,440,470,560,700,1100,1300,1700,1800,1800,2541,0,330.0,379.92822420272046,176.09053803607821,1751.809448003769,275619.00196772924
1751553081,50,,Aggregated,21.300000,0.000000,330,400,440,470,560,700,1100,1300,1700,1800,1800,2567,0,330.0,379.6720191121448,176.09053803607821,1751.809448003769,275618.9949357226
1751553082,50,,Aggregated,20.700000,0.000000,330,390,430,470,560,690,1100,1300,1700,1800,1800,2590,0,330.0,378.7703115545199,176.09053803607821,1751.809448003769,275618.9984555984
1751553083,50,,Aggregated,21.400000,0.000000,330,390,430,460,560,690,1100,1300,1700,1800,1800,2612,0,330.0,377.764031222282,176.09053803607821,1751.809448003769,275618.9969372129
1751553084,50,,Aggregated,21.400000,0.000000,330,390,430,460,560,690,1100,1300,1700,1800,1800,2636,0,330.0,377.0169849168864,176.09053803607821,1751.809448003769,275618.99848254933
1751553085,50,,Aggregated,21.400000,0.000000,330,390,430,460,550,690,1100,1300,1700,1800,1800,2654,0,320.0,376.37436060328247,176.09053803607821,1751.809448003769,275618.99849284097
1751553086,50,,Aggregated,21.900000,0.000000,330,390,430,460,550,690,1100,1300,1700,1800,1800,2680,0,330.0,375.9573936918507,176.09053803607821,1751.809448003769,275618.99925373134
1751553087,50,,Aggregated,22.300000,0.000000,320,390,430,460,550,690,1100,1300,1700,1800,1800,2703,0,320.0,374.94564041115626,176.09053803607821,1751.809448003769,275619.0003699593
1751553088,50,,Aggregated,21.700000,0.000000,320,390,430,460,550,690,1100,1300,1700,1800,1800,2725,0,320.0,373.81076867504197,176.09053803607821,1751.809448003769,275618.9952293578
1751553089,50,,Aggregated,22.400000,0.000000,320,390,430,460,550,680,1100,1300,1700,1800,1800,2742,0,320.0,373.114810372162,176.09053803607821,1751.809448003769,275618.996353027
1751553090,50,,Aggregated,22.000000,0.000000,320,390,430,450,550,680,1100,1300,1700,1800,1800,2766,0,320.0,372.7574403496561,176.09053803607821,1751.809448003769,275618.9949385394
1751553091,50,,Aggregated,22.500000,0.000000,320,390,430,450,550,680,1100,1300,1700,1800,1800,2788,0,320.0,372.5845041910956,176.09053803607821,1751.809448003769,275619.0
1751553092,50,,Aggregated,22.300000,0.000000,320,390,420,450,550,680,1000,1300,1700,1800,1800,2808,0,320.0,372.09079138136286,176.09053803607821,1751.809448003769,275619.0
1751553093,50,,Aggregated,22.200000,0.000000,320,390,430,460,550,680,1000,1300,1700,1800,1800,2833,0,320.0,372.89991256482756,176.09053803607821,1751.809448003769,275619.0003529827
1751553094,50,,Aggregated,22.100000,0.000000,320,390,430,450,550,670,1000,1300,1700,1800,1800,2853,0,320.0,372.3146567971351,176.09053803607821,1751.809448003769,275619.0045566071
1751553095,50,,Aggregated,21.900000,0.000000,320,390,430,450,550,670,1000,1300,1700,1800,1800,2878,0,320.0,371.8150663753464,176.09053803607821,1751.809448003769,275619.0069492703
1751553096,50,,Aggregated,22.400000,0.000000,320,390,420,450,550,670,1000,1300,1700,1800,1800,2897,0,320.0,371.1531535024868,176.09053803607821,1751.809448003769,275619.0093199862
1751553097,50,,Aggregated,21.800000,0.000000,320,390,430,450,550,670,1000,1300,1700,1800,1800,2915,0,320.0,371.29374453957683,176.09053803607821,1751.809448003769,275619.01200686104
1751553098,50,,Aggregated,22.400000,0.000000,320,390,430,460,550,670,1000,1300,1700,1800,1800,2942,0,320.0,373.10805589588705,176.09053803607821,1751.809448003769,275619.0108769545
1751553099,50,,Aggregated,21.700000,0.000000,320,390,430,460,550,670,1000,1300,1700,1800,1800,2966,0,320.0,373.15165856696126,176.09053803607821,1751.809448003769,275619.012137559
1751553100,50,,Aggregated,21.400000,0.000000,320,390,430,460,550,670,1000,1300,1700,1800,1800,2980,0,320.0,372.6843467186168,176.09053803607821,1751.809448003769,275619.01543624164
1751553101,50,,Aggregated,21.600000,0.000000,320,390,430,460,550,670,1000,1200,1700,1800,1800,3003,0,320.0,372.06595945424766,176.09053803607821,1751.809448003769,275619.0176490176
1751553102,50,,Aggregated,22.400000,0.000000,320,390,430,450,550,670,1000,1200,1700,1800,1800,3026,0,320.0,371.3681555314018,176.09053803607821,1751.809448003769,275619.0185062789
1751553103,50,,Aggregated,21.600000,0.000000,320,390,430,450,550,670,990,1200,1700,1800,1800,3051,0,320.0,371.3755744487421,176.09053803607821,1751.809448003769,275619.01802687644
1751553104,50,,Aggregated,21.400000,0.000000,320,390,430,450,550,670,990,1200,1700,1800,1800,3069,0,320.0,370.61080254643787,176.09053803607821,1751.809448003769,275619.0074942978
1751553105,50,,Aggregated,21.700000,0.000000,320,390,420,450,550,670,990,1200,1700,1800,1800,3089,0,320.0,370.149664558059,176.09053803607821,1751.809448003769,275619.0067983166
1751553106,50,,Aggregated,21.500000,0.000000,320,390,420,450,550,660,980,1200,1700,1800,1800,3110,0,320.0,369.7737395879438,176.09053803607821,1751.809448003769,275619.0025723473
1751553107,50,,Aggregated,21.500000,0.000000,320,380,420,450,550,660,980,1200,1700,1800,1800,3134,0,320.0,369.18774306981857,176.09053803607821,1751.809448003769,275619.00319081044
1751553108,50,,Aggregated,21.100000,0.000000,320,380,420,450,550,660,970,1200,1700,1800,1800,3155,0,320.0,368.5624407595481,176.09053803607821,1751.809448003769,275619.006022187
1751553109,50,,Aggregated,21.400000,0.000000,320,380,420,450,550,660,970,1200,1700,1800,1800,3175,0,320.0,367.8663104059776,176.09053803607821,1751.809448003769,275619.00157480314
1751553110,50,,Aggregated,21.700000,0.000000,320,380,420,450,540,660,970,1200,1700,1800,1800,3200,0,320.0,368.01998138733325,176.09053803607821,1751.809448003769,275619.001875
1751553111,50,,Aggregated,21.400000,0.000000,320,380,420,450,540,650,920,1200,1700,1800,1800,3221,0,320.0,367.69529682490423,176.09053803607821,1751.809448003769,275619.00776156475
1751553112,50,,Aggregated,20.900000,0.000000,320,380,420,450,540,650,920,1200,1700,1800,1800,3241,0,320.0,366.94055585144963,176.09053803607821,1751.809448003769,275619.00401110767
1751553113,50,,Aggregated,21.600000,0.000000,320,380,420,450,540,640,900,1200,1700,1800,1800,3262,0,320.0,366.47749465680664,176.09053803607821,1751.809448003769,275619.00674432865
1751553114,50,,Aggregated,21.700000,0.000000,320,380,420,450,540,640,900,1200,1700,1800,1800,3285,0,320.0,366.5154246877754,176.09053803607821,1751.809448003769,275619.0063926941
1751553115,50,,Aggregated,21.600000,0.000000,320,380,420,450,540,640,890,1200,1700,1800,1800,3307,0,320.0,366.06779440351465,176.09053803607821,1751.809448003769,275619.0105836105
1751553116,50,,Aggregated,21.000000,0.000000,320,380,420,450,540,640,890,1200,1700,1800,1800,3332,0,320.0,365.6441036469665,176.09053803607821,1751.809448003769,275619.0096038415
1751553117,50,,Aggregated,21.500000,0.000000,320,380,420,450,540,640,890,1200,1700,1800,1800,3350,0,320.0,364.9349827453522,176.09053803607821,1751.809448003769,275619.00417910446
1751553118,50,,Aggregated,21.700000,0.000000,320,380,420,450,540,640,880,1200,1700,1800,1800,3372,0,320.0,364.80201197946104,176.09053803607821,1751.809448003769,275619.0053380783
1751553119,50,,Aggregated,22.000000,0.000000,320,380,420,450,540,640,880,1200,1700,1800,1800,3390,0,320.0,364.3976436275439,176.09053803607821,1751.809448003769,275619.0041297935
1751553120,50,,Aggregated,21.600000,0.000000,320,380,420,450,540,640,880,1200,1700,1800,1800,3410,0,320.0,365.46215459225084,176.09053803607821,1751.809448003769,275619.0064516129
1751553121,50,,Aggregated,21.600000,0.000000,320,380,420,450,540,640,880,1200,1700,1800,1800,3434,0,320.0,366.2170459879492,176.09053803607821,1751.809448003769,275619.00232964475
1751553122,50,,Aggregated,21.500000,0.000000,320,380,420,450,540,640,880,1200,1700,1800,1800,3460,0,320.0,366.3679262732204,176.09053803607821,1751.809448003769,275619.0028901734
1751553123,50,,Aggregated,21.000000,0.000000,320,380,420,450,540,640,880,1200,1700,1800,1800,3480,0,320.0,366.4387750999344,176.09053803607821,1751.809448003769,275619.00229885057
1751553124,50,,Aggregated,21.300000,0.000000,320,380,420,450,540,640,870,1200,1700,1800,1800,3504,0,320.0,366.52976295062376,176.09053803607821,1751.809448003769,275619.0
1751553125,50,,Aggregated,21.800000,0.000000,320,380,420,450,540,640,870,1200,1700,1800,1800,3526,0,320.0,366.19134168777146,176.09053803607821,1751.809448003769,275618.99886557006
1751553126,50,,Aggregated,21.800000,0.000000,320,380,420,450,540,640,870,1200,1700,1800,1800,3545,0,320.0,365.55737512421297,176.09053803607821,1751.809448003769,275618.9940761636
1751553127,50,,Aggregated,21.800000,0.000000,320,380,420,450,540,640,870,1200,1700,1800,1800,3566,0,320.0,364.89101874525073,176.09053803607821,1751.809448003769,275618.99046550755
1751553129,50,,Aggregated,21.900000,0.000000,320,380,420,450,540,640,870,1200,1700,1800,1800,3585,0,320.0,364.70338765270697,176.09053803607821,1751.809448003769,275618.98633193865
1751553130,50,,Aggregated,21.300000,0.000000,320,380,420,450,540,640,850,1200,1700,1800,1800,3612,0,320.0,364.7321855514888,176.09053803607821,1751.809448003769,275618.9861572536
1751553131,50,,Aggregated,21.600000,0.000000,320,380,420,450,540,640,850,1200,1700,1800,1800,3629,0,320.0,364.1613364041562,176.09053803607821,1751.809448003769,275618.9864976578
1751553132,50,,Aggregated,21.300000,0.000000,320,380,420,440,540,640,850,1200,1700,1800,1800,3646,0,320.0,363.6913404603184,176.09053803607821,1751.809448003769,275618.9862863412
1751553133,50,,Aggregated,22.200000,0.000000,320,380,420,440,540,640,840,1200,1700,1800,1800,3666,0,320.0,363.6517308671327,176.09053803607821,1751.809448003769,275618.9858156028
1751553134,50,,Aggregated,21.900000,0.000000,320,380,420,440,540,640,840,1200,1700,1800,1800,3692,0,320.0,363.705555538325,176.09053803607821,1751.809448003769,275618.9842903575
1751553135,50,,Aggregated,21.200000,0.000000,320,380,420,440,530,630,830,1200,1700,1800,1800,3713,0,320.0,363.1017543290838,176.09053803607821,1751.809448003769,275618.97818475624
1751553136,50,,Aggregated,20.500000,0.000000,320,380,420,440,530,630,830,1200,1700,1800,1800,3736,0,320.0,363.14216964916534,176.09053803607821,1751.809448003769,275618.97698072804
1751553137,50,,Aggregated,21.200000,0.000000,320,380,420,440,530,630,820,1200,1700,1800,1800,3756,0,320.0,362.56013228929936,176.09053803607821,1751.809448003769,275618.9728434505
1751553138,50,,Aggregated,20.900000,0.000000,320,380,420,440,530,630,820,1200,1700,1800,1800,3772,0,320.0,362.0318116735981,176.09053803607821,1751.809448003769,275618.9745493107
1751553139,50,,Aggregated,21.000000,0.000000,320,380,420,440,530,630,820,1200,1700,1800,1800,3792,0,320.0,361.6812641593384,176.09053803607821,1751.809448003769,275618.96993670886
1751553140,50,,Aggregated,20.600000,0.000000,320,380,420,440,540,630,820,1200,1700,1800,1800,3818,0,320.0,362.7568859303411,176.09053803607821,1751.809448003769,275618.9732844421
1751553141,50,,Aggregated,20.600000,0.000000,320,380,420,440,540,630,820,1200,1700,1800,1800,3838,0,320.0,362.3751329339132,176.09053803607821,1751.809448003769,275618.9687337155
1751553142,50,,Aggregated,20.400000,0.000000,320,380,420,440,530,630,820,1200,1700,1800,1800,3856,0,320.0,361.80287218774396,176.09053803607821,1751.809448003769,275618.9719917012
1751553143,50,,Aggregated,20.900000,0.000000,320,380,420,440,530,630,820,1200,1700,1800,1800,3878,0,320.0,361.5003586552827,176.09053803607821,1751.809448003769,275618.97163486335
1751553144,50,,Aggregated,20.900000,0.000000,320,380,420,440,540,630,820,1200,1700,1800,1800,3904,0,320.0,362.2791755510438,176.09053803607821,1751.809448003769,275618.96977459016
1751553145,50,,Aggregated,21.100000,0.000000,320,380,420,440,540,630,820,1200,1700,1800,1800,3920,0,320.0,361.71028073223744,176.09053803607821,1751.809448003769,275618.96887755103
1751553146,50,,Aggregated,21.200000,0.000000,320,380,420,440,540,630,820,1200,1700,1800,1800,3942,0,320.0,361.85993272388276,176.09053803607821,1751.809448003769,275618.970573313
1751553147,50,,Aggregated,21.200000,0.000000,320,380,420,440,540,630,820,1200,1700,1800,1800,3966,0,320.0,361.96460544155883,176.09053803607821,1751.809448003769,275618.96621280885
1751553148,50,,Aggregated,20.600000,0.000000,320,380,420,440,540,620,820,1200,1700,1800,1800,3984,0,320.0,361.3681557879785,176.09053803607821,1751.809448003769,275618.9653614458
1751553149,50,,Aggregated,20.400000,0.000000,320,380,420,440,540,620,810,1200,1700,1800,1800,4007,0,320.0,361.08955297161697,176.09053803607821,1751.809448003769,275618.9628150736
1751553150,50,,Aggregated,21.200000,0.000000,320,380,420,440,530,620,810,1200,1700,1800,1800,4026,0,320.0,360.82524259993875,176.09053803607821,1751.809448003769,275618.9587680079
1751553151,50,,Aggregated,21.500000,0.000000,320,380,420,440,530,620,810,1200,1700,1800,1800,4048,0,320.0,360.4329590825548,176.09053803607821,1751.809448003769,275618.962944664
1751553152,50,,Aggregated,20.900000,0.000000,320,380,420,440,530,620,810,1200,1700,1800,1800,4073,0,320.0,360.1730972229602,176.09053803607821,1751.809448003769,275618.96538178244
1751553153,50,,Aggregated,20.800000,0.000000,320,380,420,440,530,620,810,1200,1700,1800,1800,4093,0,320.0,359.4866735401529,176.09053803607821,1751.809448003769,275618.96261910576
1751553154,50,,Aggregated,21.600000,0.000000,320,380,420,440,530,620,810,1200,1700,1800,1800,4116,0,320.0,359.07770811912286,176.09053803607821,1751.809448003769,275618.9611273081
1751553155,50,,Aggregated,21.600000,0.000000,320,380,410,440,530,620,810,1200,1700,1800,1800,4136,0,320.0,358.77702017673886,176.09053803607821,1751.809448003769,275618.9622823984
1751553156,50,,Aggregated,21.100000,0.000000,320,380,410,440,530,620,810,1200,1700,1800,1800,4156,0,320.0,358.7351646630073,176.09053803607821,1751.809448003769,275618.9624639076
1751553157,50,,Aggregated,21.100000,0.000000,320,380,410,440,530,620,810,1200,1700,1800,1800,4179,0,320.0,358.4064782483913,176.09053803607821,1751.809448003769,275618.96482412063
1751553158,50,,Aggregated,21.200000,0.000000,320,380,410,440,530,620,810,1200,1700,1800,1800,4200,0,320.0,357.85264929911745,176.09053803607821,1751.809448003769,275618.9619047619
1751553159,50,,Aggregated,21.300000,0.000000,310,380,410,440,530,620,800,1200,1700,1800,1800,4221,0,310.0,357.2983117379183,176.09053803607821,1751.809448003769,275618.96659559343
1751553160,50,,Aggregated,21.300000,0.000000,310,380,410,440,530,620,800,1200,1700,1800,1800,4244,0,310.0,357.07167212240853,176.09053803607821,1751.809448003769,275618.9688972667
1751553161,50,,Aggregated,21.200000,0.000000,310,370,410,440,530,620,800,1200,1700,1800,1800,4265,0,310.0,356.77996905223586,176.09053803607821,1751.809448003769,275618.96459554514
1751553162,50,,Aggregated,21.900000,0.000000,310,370,410,440,530,620,800,1200,1700,1800,1800,4284,0,310.0,356.4248267839681,176.09053803607821,1751.809448003769,275618.964519141
1751553163,50,,Aggregated,21.900000,0.000000,320,380,410,440,530,620,800,1200,1700,1800,1800,4309,0,320.0,357.1299112366349,176.09053803607821,1751.809448003769,275618.9649570666
1751553164,50,,Aggregated,21.200000,0.000000,310,380,410,440,530,620,800,1200,1700,1800,1800,4331,0,310.0,356.7170368605776,176.09053803607821,1751.809448003769,275618.96190256294
1751553165,50,,Aggregated,21.800000,0.000000,310,380,410,440,530,620,800,1200,1700,1800,1800,4352,0,310.0,356.72994837557997,176.09053803607821,1751.809448003769,275618.96231617645
1751553166,50,,Aggregated,21.800000,0.000000,320,380,410,440,530,620,800,1200,1700,1800,1800,4375,0,320.0,356.96525305413775,176.09053803607821,1751.809448003769,275618.9622857143
1751553167,50,,Aggregated,21.500000,0.000000,310,380,410,440,530,620,800,1200,1700,1800,1800,4392,0,310.0,356.57489059399853,176.09053803607821,1751.809448003769,275618.9653916211
1751553168,50,,Aggregated,22.300000,0.000000,320,380,410,440,530,620,800,1200,1700,1800,1800,4416,0,320.0,356.6857018028542,176.09053803607821,1751.809448003769,275618.96648550726
1751553169,50,,Aggregated,22.300000,0.000000,320,380,410,440,530,610,800,1200,1700,1800,1800,4437,0,320.0,356.53942123254654,176.09053803607821,1751.809448003769,275618.9668695064
1751553170,50,,Aggregated,21.400000,0.000000,310,370,410,440,530,610,800,1200,1700,1800,1800,4455,0,310.0,355.99043304111086,176.09053803607821,1751.809448003769,275618.9620650954
1751553171,50,,Aggregated,21.400000,0.000000,320,380,410,440,530,610,800,1200,1700,1800,1800,4474,0,320.0,356.20047549504176,176.09053803607821,1751.809448003769,275618.96066160034
1751553172,50,,Aggregated,20.900000,0.000000,320,380,410,440,530,610,800,1200,1700,1800,1800,4500,0,320.0,356.1975957427898,176.09053803607821,1751.809448003769,275618.96177777776
1751553173,50,,Aggregated,20.900000,0.000000,320,380,410,440,520,610,790,1200,1700,1800,1800,4516,0,320.0,355.7967257974059,176.09053803607821,1751.809448003769,275618.95969884854
1751553174,50,,Aggregated,21.500000,0.000000,320,380,410,440,520,610,790,1200,1700,1800,1800,4538,0,320.0,355.9153999428012,176.09053803607821,1751.809448003769,275618.9612163949
1751553175,50,,Aggregated,20.700000,0.000000,320,380,410,440,520,610,790,1200,1700,1800,1800,4561,0,320.0,356.2095853822897,176.09053803607821,1751.809448003769,275618.96163122123
1751553176,50,,Aggregated,20.600000,0.000000,320,380,410,440,520,610,790,1200,1700,1800,1800,4585,0,320.0,356.1872425796352,176.09053803607821,1751.809448003769,275618.96139585605
1751553177,50,,Aggregated,21.100000,0.000000,320,380,410,440,520,610,780,1200,1700,1800,1800,4608,0,320.0,355.8463058732034,176.09053803607821,1751.809448003769,275618.96180555556
1751553178,50,,Aggregated,20.700000,0.000000,320,370,410,440,520,610,780,1200,1700,1800,1800,4629,0,320.0,355.34550542684644,176.09053803607821,1751.809448003769,275618.9621948585
1751553179,50,,Aggregated,21.200000,0.000000,310,370,410,440,520,610,780,1200,1700,1800,1800,4646,0,310.0,355.05245919060724,176.09053803607821,1751.809448003769,275618.9621179509
1751553180,50,,Aggregated,21.200000,0.000000,320,370,410,440,520,600,780,1200,1700,1800,1800,4668,0,320.0,355.15920711137977,176.09053803607821,1751.809448003769,275618.9614395887
1751553181,50,,Aggregated,20.700000,0.000000,320,380,410,440,520,600,780,1200,1700,1800,1800,4690,0,320.0,355.1283900264099,176.09053803607821,1751.809448003769,275618.9646055437
1751553182,50,,Aggregated,20.700000,0.000000,320,380,410,440,520,600,780,1200,1700,1800,1800,4712,0,320.0,354.96655551917104,176.09053803607821,1751.809448003769,275618.964770798
1751553183,50,,Aggregated,21.300000,0.000000,320,380,410,430,520,600,780,1200,1700,1800,1800,4738,0,320.0,355.0151770870284,176.09053803607821,1751.809448003769,275618.96369776275
1751553184,50,,Aggregated,21.400000,0.000000,320,370,410,430,520,600,780,1200,1700,1800,1800,4759,0,320.0,354.6146400081846,176.09053803607821,1751.809448003769,275618.9623870561
1751553185,50,,Aggregated,21.700000,0.000000,320,380,410,430,520,600,780,1200,1700,1800,1800,4782,0,320.0,354.77464801243525,176.09053803607821,1751.809448003769,275618.9631953158
1751553186,50,,Aggregated,21.900000,0.000000,320,370,410,430,520,600,780,1200,1700,1800,1800,4799,0,320.0,354.3280835650981,176.09053803607821,1751.809448003769,275618.96020004165
1751553187,50,,Aggregated,22.200000,0.000000,320,370,410,430,520,600,770,1100,1700,1800,1800,4817,0,320.0,354.2575296829479,176.09053803607821,1751.809448003769,275618.9620095495
1751553188,50,,Aggregated,21.400000,0.000000,320,380,410,440,520,600,770,1100,1700,1800,1800,4841,0,320.0,355.1969671220513,176.09053803607821,1751.809448003769,275618.9617847552
1751553189,50,,Aggregated,21.100000,0.000000,320,380,410,440,520,600,770,1100,1700,1800,1800,4864,0,320.0,355.5862828123186,176.09053803607821,1751.809448003769,275618.9638157895
1751553190,50,,Aggregated,21.200000,0.000000,320,380,410,440,520,600,770,1100,1700,1800,1800,4886,0,320.0,355.26888107791746,176.09053803607821,1751.809448003769,275618.9574293901
1751553191,50,,Aggregated,21.800000,0.000000,320,380,410,440,520,600,770,1100,1700,1800,1800,4905,0,320.0,354.83251799740066,176.09053803607821,1751.809448003769,275618.95657492353
1751553192,50,,Aggregated,21.500000,0.000000,320,380,410,440,520,600,770,1100,1700,1800,1800,4928,0,320.0,355.19061589285855,176.09053803607821,1751.809448003769,275618.95698051946
1751553193,50,,Aggregated,21.600000,0.000000,320,380,410,440,520,600,770,1100,1700,1800,1800,4948,0,320.0,355.24024256707787,176.09053803607821,1751.809448003769,275618.9567502021
1751553194,50,,Aggregated,21.000000,0.000000,320,380,410,440,520,600,760,1100,1700,1800,1800,4967,0,320.0,354.926181220524,176.09053803607821,1751.809448003769,275618.95510368433
1751553195,50,,Aggregated,21.400000,0.000000,320,380,410,440,520,600,760,1100,1700,1800,1800,4992,0,320.0,355.13958639421617,176.09053803607821,1751.809448003769,275618.9547275641
1751553196,50,,Aggregated,21.100000,0.000000,320,380,410,440,520,600,760,1100,1700,1800,1800,5015,0,320.0,355.1320038549231,176.09053803607821,1751.809448003769,275618.9511465603
1751553197,50,,Aggregated,20.800000,0.000000,320,380,410,440,520,600,760,1100,1700,1800,1800,5028,0,320.0,354.8275698340322,176.09053803607821,1751.809448003769,275618.9530628481
1751553198,50,,Aggregated,20.800000,0.000000,320,380,410,440,520,600,760,1100,1700,1800,1800,5051,0,320.0,355.2717021873899,176.09053803607821,1751.809448003769,275618.9550584043
1751553199,50,,Aggregated,21.200000,0.000000,320,380,410,440,520,600,760,1100,1700,1800,1800,5075,0,320.0,355.33546461017227,176.09053803607821,1751.809448003769,275618.9525123153
1751553200,50,,Aggregated,21.300000,0.000000,320,380,410,440,520,600,760,1100,1700,1800,1800,5095,0,320.0,355.3906150395736,176.09053803607821,1751.809448003769,275618.9538763494
1751553201,50,,Aggregated,20.900000,0.000000,320,380,410,440,520,600,760,1100,1700,1800,1800,5120,0,320.0,355.7319632583585,176.09053803607821,1751.809448003769,275618.95234375
1751553202,50,,Aggregated,20.800000,0.000000,320,380,410,440,520,600,760,1100,1700,1800,1800,5139,0,320.0,355.32762538448685,176.09053803607821,1751.809448003769,275618.9562171629
1751553203,50,,Aggregated,21.400000,0.000000,320,380,410,440,520,600,760,1100,1700,1800,1800,5161,0,320.0,355.0015417049623,176.09053803607821,1751.809448003769,275618.95679131954
1751553204,50,,Aggregated,21.200000,0.000000,320,380,410,440,520,600,760,1100,1700,1800,1800,5179,0,320.0,354.72097312751924,176.09053803607821,1751.809448003769,275618.9553967948
1751553205,50,,Aggregated,21.200000,0.000000,320,380,410,440,520,600,760,1100,1700,1800,1800,5203,0,320.0,354.6898359342512,176.09053803607821,1751.809448003769,275618.9579088987
1751553206,50,,Aggregated,20.800000,0.000000,320,380,410,440,520,600,760,1100,1700,1800,1800,5224,0,320.0,354.1783071185906,176.09053803607821,1751.809448003769,275618.95444104134
1751553207,50,,Aggregated,21.300000,0.000000,320,380,410,440,520,600,760,1100,1700,1800,1800,5240,0,320.0,354.1772287709546,176.09053803607821,1751.809448003769,275618.9545801527
1751553208,50,,Aggregated,21.000000,0.000000,320,380,410,440,520,590,750,1100,1700,1800,1800,5265,0,320.0,354.2067075938478,176.09053803607821,1751.809448003769,275618.9565052232
1751553209,50,,Aggregated,21.200000,0.000000,320,380,410,440,520,590,750,1100,1700,1800,1800,5289,0,320.0,354.392297638969,176.09053803607821,1751.809448003769,275618.9574588769
1751553210,50,,Aggregated,21.200000,0.000000,320,380,410,440,520,590,750,1100,1700,1800,1800,5311,0,320.0,354.3839130999187,176.09053803607821,1751.809448003769,275618.95914140466
1751553211,50,,Aggregated,21.500000,0.000000,320,380,410,440,520,590,750,1100,1700,1800,1800,5334,0,320.0,353.946064407932,176.09053803607821,1751.809448003769,275618.9625046869
1751553212,50,,Aggregated,21.800000,0.000000,320,380,410,440,520,590,750,1100,1700,1800,1800,5351,0,320.0,353.66538246495537,176.09053803607821,1751.809448003769,275618.9628106896
1751553213,50,,Aggregated,21.400000,0.000000,320,380,410,440,520,590,750,1100,1700,1800,1800,5374,0,320.0,353.93603703994575,176.09053803607821,1751.809448003769,275618.96352809825
1751553214,50,,Aggregated,21.600000,0.000000,320,380,410,440,520,600,750,1100,1700,1800,1800,5399,0,320.0,354.588600953818,176.09053803607821,1751.809448003769,275618.96165956656
1751553215,50,,Aggregated,21.200000,0.000000,320,380,410,440,520,590,750,1100,1700,1800,1800,5419,0,320.0,354.40934775964325,176.09053803607821,1751.809448003769,275618.9614319985
1751553216,50,,Aggregated,21.900000,0.000000,320,380,410,440,520,590,750,1100,1700,1800,1800,5445,0,320.0,354.56119319291474,176.09053803607821,1751.809448003769,275618.9605142332
1751553217,50,,Aggregated,21.200000,0.000000,320,380,410,440,520,590,750,1100,1700,1800,1800,5459,0,320.0,354.33860073639937,176.09053803607821,1751.809448003769,275618.96244733466
1751553218,50,,Aggregated,21.800000,0.000000,320,380,410,440,520,590,750,1100,1700,1800,1800,5480,0,320.0,354.19066131614613,176.09053803607821,1751.809448003769,275618.9602189781
1751553219,50,,Aggregated,21.500000,0.000000,320,380,410,440,520,590,750,1100,1700,1800,1800,5505,0,320.0,354.7514544725063,176.09053803607821,1751.809448003769,275618.961671208
1751553220,50,,Aggregated,21.400000,0.000000,320,380,410,440,520,590,750,1100,1700,1800,1800,5527,0,320.0,354.6987449631425,176.09053803607821,1751.809448003769,275618.96110005426
1751553221,50,,Aggregated,21.500000,0.000000,320,380,410,440,520,590,750,1100,1700,1800,1800,5549,0,320.0,354.4330912203122,176.09053803607821,1751.809448003769,275618.96341683186
1751553222,50,,Aggregated,21.600000,0.000000,320,380,410,440,520,590,740,1100,1700,1800,1800,5571,0,320.0,354.1357007411445,176.09053803607821,1751.809448003769,275618.9624842937
1751553223,50,,Aggregated,21.400000,0.000000,320,380,410,440,520,590,740,1100,1700,1800,1800,5594,0,320.0,353.9040070028778,176.09053803607821,1751.809448003769,275618.96067214874
1751553224,50,,Aggregated,21.800000,0.000000,320,380,410,440,520,590,740,1000,1700,1800,1800,5609,0,320.0,353.5810307378604,176.09053803607821,1751.809448003769,275618.96452130505
1751553225,50,,Aggregated,22.100000,0.000000,320,380,410,440,520,590,740,1000,1700,1800,1800,5636,0,320.0,353.77807566497677,176.09053803607821,1751.809448003769,275618.96451383963
1751553226,50,,Aggregated,21.400000,0.000000,320,380,410,440,520,590,740,1000,1700,1800,1800,5658,0,320.0,353.51441943712337,176.09053803607821,1751.809448003769,275618.9650053022
1751553227,50,,Aggregated,21.700000,0.000000,320,380,410,430,510,590,740,1000,1700,1800,1800,5679,0,320.0,353.1065872080098,176.09053803607821,1751.809448003769,275618.9653107941
1751553228,50,,Aggregated,21.500000,0.000000,320,380,410,440,520,590,740,1000,1700,1800,1800,5703,0,320.0,353.3803051258887,176.09053803607821,1751.809448003769,275618.966508855
1751553229,50,,Aggregated,22.200000,0.000000,320,380,410,440,510,590,740,1000,1700,1800,1800,5721,0,320.0,352.9853638219801,176.09053803607821,1751.809448003769,275618.96941094217
1751553230,50,,Aggregated,21.800000,0.000000,320,380,410,430,510,590,740,1000,1700,1800,1800,5743,0,320.0,352.9037174081727,176.09053803607821,1751.809448003769,275618.9688316211
1751553231,50,,Aggregated,21.800000,0.000000,320,380,410,430,510,590,740,1000,1700,1800,1800,5765,0,320.0,352.7422199677191,176.09053803607821,1751.809448003769,275618.9679098005
1751553232,50,,Aggregated,21.400000,0.000000,320,380,410,430,510,590,740,1000,1700,1800,1800,5788,0,320.0,352.6160048819939,176.09053803607821,1751.809448003769,275618.9664823773
1751553233,50,,Aggregated,21.800000,0.000000,320,380,410,430,510,590,730,1000,1700,1800,1800,5810,0,320.0,352.5648505364027,176.09053803607821,1751.809448003769,275618.9655765921
1751553234,50,,Aggregated,21.400000,0.000000,320,380,410,430,510,590,730,1000,1700,1800,1800,5834,0,320.0,352.5290960412237,176.09053803607821,1751.809448003769,275618.9650325677
1751553235,50,,Aggregated,21.300000,0.000000,320,380,410,430,510,590,730,1000,1700,1800,1800,5852,0,320.0,352.3726756779572,176.09053803607821,1751.809448003769,275618.96684894053
1751553236,50,,Aggregated,22.500000,0.000000,320,380,410,430,510,590,730,1000,1700,1800,1800,5876,0,320.0,352.6778804873962,176.09053803607821,1751.809448003769,275618.9676650783
1751553237,50,,Aggregated,21.600000,0.000000,320,380,410,430,510,590,730,1000,1700,1800,1800,5898,0,320.0,352.39457586406274,176.09053803607821,1751.809448003769,275618.96405561204
1751553238,50,,Aggregated,21.600000,0.000000,320,380,410,430,510,590,730,1000,1700,1800,1800,5919,0,320.0,352.3580355880161,176.09053803607821,1751.809448003769,275618.9643520865
1751553239,50,,Aggregated,21.800000,0.000000,320,380,410,430,510,580,730,1000,1700,1800,1800,5939,0,320.0,352.2135302942939,176.09053803607821,1751.809448003769,275618.96716618957
1751553240,50,,Aggregated,21.500000,0.000000,320,380,410,430,510,580,720,1000,1700,1800,1800,5961,0,320.0,352.22896509859294,176.09053803607821,1751.809448003769,275618.9662808254
1751553241,50,,Aggregated,21.400000,0.000000,320,380,410,430,510,580,720,1000,1700,1800,1800,5982,0,320.0,352.14979656972304,176.09053803607821,1751.809448003769,275618.96489468403
1751553242,50,,Aggregated,22.000000,0.000000,320,380,410,430,510,580,720,1000,1700,1800,1800,6004,0,320.0,352.08598467954766,176.09053803607821,1751.809448003769,275618.96635576285
1751553243,50,,Aggregated,21.500000,0.000000,320,380,410,430,510,580,720,1000,1700,1800,1800,6025,0,320.0,351.78182332552353,176.09053803607821,1751.809448003769,275618.9649792531
1751553244,50,,Aggregated,21.800000,0.000000,320,380,410,430,510,580,720,1000,1700,1800,1800,6050,0,320.0,351.57057509549765,176.09053803607821,1751.809448003769,275618.9649586777
1751553245,50,,Aggregated,21.700000,0.000000,320,380,410,430,510,580,720,1000,1700,1800,1800,6072,0,320.0,351.4028130436153,176.09053803607821,1751.809448003769,275618.96442687744
1751553246,50,,Aggregated,20.900000,0.000000,320,380,410,430,510,580,720,1000,1700,1800,1800,6090,0,320.0,351.0623535985886,176.09053803607821,1751.809448003769,275618.95960591134
1751553247,50,,Aggregated,21.800000,0.000000,320,380,410,430,510,580,720,990,1700,1800,1800,6108,0,320.0,351.37677961436987,176.09053803607821,1751.809448003769,275618.95939751144
1751553248,50,,Aggregated,21.500000,0.000000,320,380,410,430,510,580,720,990,1700,1800,1800,6132,0,320.0,351.33259166687435,176.09053803607821,1751.809448003769,275618.9605348989
1751553249,50,,Aggregated,21.000000,0.000000,320,380,410,430,510,580,720,990,1700,1800,1800,6156,0,320.0,351.1497567745081,176.09053803607821,1751.809448003769,275618.9610136452
