timestamp,test_type,question_category,question,answer,response_time_ms,ttff_ms,status_code,status
2026-04-09T10:17:27.745988,load,Direct,Can a Singapore company apply for a PCO for goods manufactured in Malaysia and exported to Indonesia?,"### Back-to-Back Preferential Certificate of Origin (B2B PCO) - Initial Assessment

Thank you for your enquiry about applying for a Preferential Certificate of Origin (PCO) for goods manufactured in Malaysia and exported to Indonesia through Singapore.

#### General B2B PCO Overview

A **Back-to-Back PCO** allows a Singapore company to issue a new preferential Certificate of Origin for goods that:
- Originate from a first exporting country (Malaysia)
- Transit through Singapore as an intermediat",54939.45,7764.97,200,Success
2026-04-09T10:17:33.079190,load,Indirect,"For goods that qualify under both ATIGA and RCEP when exporting from Singapore to Thailand, how do we choose which FTA to use, and can we switch between them for different shipments of the same produc","## Choosing Between ATIGA and RCEP for Singapore to Thailand Exports

I apologize, but I encountered technical difficulties accessing the knowledge base and glossary systems that contain the specific legal guidance on choosing between multiple FTAs and switching between agreements for different shipments.

### Current Analysis

Your question involves two important aspects:

1. **How to choose between ATIGA and RCEP** when goods qualify under both agreements
2. **Whether you can switch between FT",64289.48,11151.97,200,Success
2026-04-09T10:17:35.763188,load,Direct,I have an energy product with HS code 2710.12.15.10 that is made in Canada and to be exported to the US. My goods do not meet the rules of origin under the USMCA. What is the tariff?,"# Tariff Information for HS Code 2710.12.15.10 from Canada to United States

## Your Query
- **HS Code:** 2710.12.15.10
- **Country of Origin:** Canada
- **Country of Destination:** United States
- **Context:** Goods do NOT meet the rules of origin under USMCA

---

## Applicable Customs Duty

Since your goods **do not meet the rules of origin requirements under USMCA**, you cannot claim the preferential tariff treatment. Therefore, the **MFN (Most Favoured Nation)** rate applies:

| Rate Type |",69971.95,7526.06,200,Success
2026-04-09T10:17:45.712380,load,Indirect,"We have an existing PCO but the importer says the HS code on the certificate does not match their customs declaration. How do we correct or reissue the certificate, and will it affect the validity per","## Understanding Your Situation

You have an existing **PCO (Preferential Certificate of Origin)** where the HS code listed on the certificate does not match the HS code on the importer's customs declaration. You need guidance on how to correct or reissue this certificate and whether the correction will affect the validity period.

## Current Analysis

I attempted to retrieve specific information about PCO correction and reissuance procedures from our knowledge base and glossary systems. Unfortu",74908.02,9143.67,200,Success
2026-04-09T10:17:49.238417,load,Indirect,"We are considering moving some production from China to Singapore to benefit from FTAs. For electronics (HS 8517), what origin criteria apply under RCEP and CPTPP, and what percentage of value must be","I apologize, but I encountered technical difficulties while attempting to retrieve the specific information you requested about origin criteria for HS 8517 electronics under RCEP and CPTPP agreements.

## Current Status

I attempted to gather information through the following steps:

### What I tried to retrieve:
- ✅ Initiated search for RCEP origin criteria for HS 8517
- ✅ Initiated search for CPTPP origin criteria for HS 8517  
- ✅ Attempted to retrieve HS code nomenclature details
- ✅ Attempt",70368.3,9626.56,200,Success
2026-04-09T10:18:00.112778,load,Indirect,"If we import under ASEAN-China FTA and re-export to Japan under RCEP with minimal repackaging in Singapore, can we use a back-to-back certificate, and what are the conditions and time limits?","Thank you for your enquiry regarding Back-to-Back Preferential Certificate of Origin (B2B PCO) eligibility for importing from China under ASEAN-China FTA and re-exporting to Japan under RCEP.

To properly assess your eligibility for B2B PCO and provide you with accurate information about the conditions and time limits, I need the following information:

### Required Information:
- **HS Code**: Please provide the specific HS code for your product. This is essential for determining tariff rates, a",76232.16,36591.86,200,Success
2026-04-09T10:18:05.618515,load,Indirect,"If I import products from South Korea into Singapore, store them in Singapore, and then export them to Vietnam. Is there any FTA I can use to obtain duty savings on import into Vietnam?","Thank you for your enquiry regarding FTA eligibility for duty savings when importing products from South Korea into Singapore and then exporting to Vietnam.

To assess whether you can leverage any FTA for duty savings on import into Vietnam and determine your eligibility for a Back-to-Back Preferential Certificate of Origin (B2B PCO), I require the following information:

### Required Information:
- **HS Code**: Please provide the Harmonized System (HS) code for your product. This is essential t",77725.54,30789.31,200,Success
2026-04-09T10:18:22.031837,load,Indirect,"We import cotton fabric (HS 5208) from India into Singapore, dye and cut it here, then export garments to the EU. How do we determine origin under RCEP and EU-Singapore FTA, and what documentation do ","Thank you for your enquiry regarding the determination of origin under RCEP and EU-Singapore FTA for your cotton fabric processing and garment export scenario.

---

## Current Analysis

Based on your scenario:
- **First leg**: Import cotton fabric (HS 5208) from India → Singapore
- **Processing in Singapore**: Dyeing and cutting
- **Second leg**: Export garments from Singapore → EU

---

## Information Required to Proceed

To provide you with accurate guidance on origin determination and docume",108218.45,17973.39,200,Success
2026-04-09T10:18:25.017480,load,Indirect,"We are considering moving some production from China to Singapore to benefit from FTAs. For electronics (HS 8517), what origin criteria apply under RCEP and CPTPP, and what percentage of value must be","Based on the information retrieved from the knowledge base, I can provide partial information regarding your query about origin criteria for electronics (HS 8517) under RCEP and CPTPP.

## HS Code 8517 Classification

**HS 8517** covers: Telephone sets, including smartphones and other telephones for cellular networks or for other wireless networks; other apparatus for the transmission or reception of voice, images or other data, including apparatus for communication in a wired or wireless networ",118224.73,6215.97,200,Success
2026-04-09T10:18:31.921316,load,Indirect,"We received a request from Indonesian customs to verify our ATIGA PCO. What is the process for Singapore exporters, what documents must we provide, and what is the typical timeline?","I apologize, but I encountered technical difficulties accessing both the glossary and knowledge base systems to retrieve the specific information about ATIGA PCO verification procedures for Singapore exporters.

## Current Status

**What I attempted to retrieve:**
- ✅ Initiated search for ATIGA (ASEAN Trade in Goods Agreement) PCO (Preferential Certificate of Origin) verification procedures
- ✅ Attempted to access glossary for terminology and guidelines
- ✅ Attempted to access knowledge base for",99001.2,16097.89,200,Success
2026-04-09T10:18:38.907809,load,Direct,"What is the validity period of back-to-back COs issued by Singapore Customs, and can validity be extended?","## Validity Period of Back-to-Back Certificates of Origin (COs) Issued by Singapore Customs

I attempted to retrieve information about the validity period of back-to-back Certificates of Origin issued by Singapore Customs and whether validity can be extended. However, I encountered technical difficulties accessing both the glossary and knowledge base systems, which are the primary sources for this specific regulatory information.

**Current Status:**
- ❌ Glossary tool - Connection timeout (unabl",117044.98,24986.47,200,Success
2026-04-09T10:18:46.268664,load,Indirect,"If I import products from South Korea into Singapore, store them in Singapore, and then export them to Vietnam. Is there any FTA I can use to obtain duty savings on import into Vietnam?","Thank you for your enquiry regarding Back-to-Back Preferential Certificate of Origin (B2B PCO) eligibility for your trade movement from South Korea through Singapore to Vietnam.

### Current Information Provided:
- **Country of Origin**: South Korea
- **Intermediate Country**: Singapore  
- **Final Destination**: Vietnam
- **Movement of Goods**: South Korea → Singapore → Vietnam
- **Processing in Singapore**: No (storage only)

### Missing Required Information:

To assess your eligibility for FT",112350.87,50013.21,200,Success
2026-04-09T10:19:00.916129,load,Direct,Where do I get help with FTA and Certificate of Origin queries in Singapore?,"I can help you with FTA and Certificate of Origin queries! I'm here to assist with:

- **PCO (Preferential Certificate of Origin)** applications and processes
- **Back-to-Back PCO** for goods processed through Singapore
- **General trade knowledge** including FTA requirements, customs procedures, and compliance

Feel free to ask your specific questions about FTAs or Certificates of Origin, and I'll do my best to assist you.

If you need more personalized guidance or have complex queries that req",96896.79,96890.15,200,Success
2026-04-09T10:19:08.543129,load,Indirect,"We are considering moving some production from China to Singapore to benefit from FTAs. For electronics (HS 8517), what origin criteria apply under RCEP and CPTPP, and what percentage of value must be","I apologize, but I encountered technical difficulties while attempting to retrieve the specific origin criteria information for HS 8517 electronics under RCEP and CPTPP agreements. The system experienced connection timeouts when accessing:

- The HS code nomenclature database for HS 8517
- The knowledge base containing RCEP origin criteria and Regional Value Content (RVC) requirements
- The knowledge base containing CPTPP origin criteria and RVC requirements
- The glossary for RVC terminology an",131617.82,23559.36,200,Success
2026-04-09T10:19:08.559936,load,Direct,Can we issue a back-to-back PCO when the import CO was issued under a different FTA than the export FTA?,"Based on the information retrieved from the knowledge base, I can provide you with guidance on issuing back-to-back Preferential Certificates of Origin (PCO) when the import CO was issued under a different FTA than the export FTA.

## Key Finding: Same FTA Requirement

According to the regulatory documents retrieved, **back-to-back certificates of origin must generally be issued under the same FTA**. The information from Singapore Customs and FTA operational procedures indicates that:

### Requi",150321.37,6342.56,200,Success
2026-04-09T10:19:11.873566,load,Indirect,I import brooms with HS code 9603.10.20 from China to Singapore and would like to re-export to Malaysia. Am I eligible for any FTAs?,"Based on the information retrieved from the Mendel system, I can provide you with an initial assessment of your FTA eligibility for re-exporting brooms from Singapore to Malaysia.

---

## Your Trade Scenario

**Product:** Brooms  
**HS Code:** 9603.10.20  
**Trade Route:** China → Singapore → Malaysia (re-export)

---

## Tariff Information for Import into Malaysia

*Source: Mendel API (Origin: China, Destination: Malaysia, HS Code: 9603.10.20)*

### Applicable Duty Rates

| Tariff Scheme | Dut",168051.94,9496.0,200,Success
2026-04-09T10:19:13.943396,load,Indirect,"Can we use exporter self-certification under the UK-Singapore FTA for our exports of pharmaceutical products (HS 3004), and what are the exact conditions and record-keeping requirements?","Thank you for your enquiry about exporter self-certification under the UK-Singapore FTA for pharmaceutical products (HS 3004).

To provide you with accurate information about self-certification eligibility, conditions, and record-keeping requirements, I need to confirm the following required information:

### Information Needed:

**Required:**
1. **Country of Origin**: Please confirm the country where the pharmaceutical products originate (I assume Singapore - please confirm)
2. **Country of Des",131957.07,60724.4,200,Success
2026-04-09T10:19:19.177148,load,Indirect,We import Korean cosmetics (HS 3304) under RCEP into Singapore and re-export to Japan with no further processing. Can we apply for a back-to-back RCEP certificate?,"Back-to-Back PCO Eligibility Assessment for Korean Cosmetics (HS 3304) under RCEP

---

### Current Analysis Status

Based on the information gathered, I can provide you with a preliminary assessment, though there are some technical limitations that prevent a complete analysis at this time.

---

### 1. HS Code and Tariff Information

**Your Input:**
- HS Code: 3304 (4-digit heading level)
- Origin: South Korea
- Destination: Japan
- Movement: Korea → Singapore → Japan
- Processing in Singapore:",169383.13,5366.7,200,Success
2026-04-09T10:19:23.224712,load,Direct,"When forming a Japan–Singapore joint-venture apparel retailer, which FTAs, domestic laws, and compliance obligations need to be taken into account?","Based on the information gathered from the knowledge base and web sources, here is a comprehensive overview of the FTAs, domestic laws, and compliance obligations for forming a Japan–Singapore joint-venture apparel retailer:

---

## 1. Applicable Free Trade Agreements (FTAs)

### **Japan-Singapore Economic Partnership Agreement (JSEPA)**
- **Primary bilateral FTA** between Japan and Singapore
- **Rules of Origin**: Uses **Method B** (build-down method) for calculating Regional Value Content (RV",178388.13,4794.02,200,Success
2026-04-09T10:19:27.211240,load,Indirect,"We received a request from Indonesian customs to verify our ATIGA PCO. What is the process for Singapore exporters, what documents must we provide, and what is the typical timeline?","## ATIGA PCO Verification Request from Indonesian Customs

I apologize, but I encountered technical difficulties accessing both the glossary and knowledge base systems to retrieve the specific information about ATIGA (ASEAN Trade in Goods Agreement) PCO (Preferential Certificate of Origin) verification procedures for Singapore exporters.

### What I attempted to retrieve:

**Attempted searches:**
- ✗ Glossary lookup for ATIGA PCO verification terminology and guidelines
- ✗ Knowledge base search ",142258.58,25845.6,200,Success
2026-04-09T10:19:27.709981,load,Indirect,"For goods that qualify under both ATIGA and RCEP when exporting from Singapore to Thailand, how do we choose which FTA to use, and can we switch between them for different shipments of the same produc","## Choosing Between ATIGA and RCEP for Singapore to Thailand Exports

I encountered technical difficulties accessing the knowledge base and glossary systems to retrieve the specific regulatory guidance on choosing between ATIGA (ASEAN Trade in Goods Agreement) and RCEP (Regional Comprehensive Economic Partnership) for your exports from Singapore to Thailand.

However, based on general FTA principles, here are the key considerations when goods qualify under multiple FTAs:

### How to Choose Which",144753.89,29148.66,200,Success
2026-04-09T10:19:42.050765,load,Indirect,"We export organic fertiliser (HS 3101) from Singapore to New Zealand. Under CPTPP, what are the rules of origin and any product-specific requirements we must meet?","### Export of Organic Fertiliser (HS 3101) from Singapore to New Zealand under CPTPP

**Your Request:**
- **Product:** Organic fertiliser
- **HS Code:** 3101
- **Origin:** Singapore
- **Destination:** New Zealand
- **FTA:** CPTPP (Comprehensive and Progressive Agreement for Trans-Pacific Partnership)
- **Information Needed:** Rules of Origin and product-specific requirements

---

### Current Status

I am unable to retrieve the necessary information to answer your question due to technical conne",175165.27,46171.17,200,Success
2026-04-09T10:19:43.137111,load,Indirect,"What are the steps and timelines to apply for a PCO under the Digital Economy Agreement between Singapore and Australia, and how does it differ from the standard goods FTA process?","I encountered technical difficulties accessing the knowledge base and glossary systems to retrieve information about PCO (Product Certification of Origin) application procedures under the Digital Economy Agreement between Singapore and Australia.

## Current Status

### What I attempted to retrieve:
- ✅ Initiated search for PCO definition and guidelines in the glossary
- ✅ Initiated search for PCO application steps and timelines under the Singapore-Australia Digital Economy Agreement
- ✅ Initiat",154077.55,36610.67,200,Success
2026-04-09T10:20:13.735079,load,Indirect,We import Korean cosmetics (HS 3304) under RCEP into Singapore and re-export to Japan with no further processing. Can we apply for a back-to-back RCEP certificate?,"### Back-to-Back RCEP Certificate of Origin Eligibility Assessment

**Your Query:**
- **Product:** Korean cosmetics
- **HS Code:** 3304
- **Movement:** South Korea → Singapore → Japan
- **Processing in Singapore:** No further processing
- **FTA in Question:** RCEP (Regional Comprehensive Economic Partnership)

---

### Current Analysis Status

I attempted to assess your eligibility for a Back-to-Back RCEP Preferential Certificate of Origin, but encountered technical difficulties accessing the ne",210849.52,19923.25,200,Success
2026-04-09T10:20:15.050284,load,Direct,"Please provide guidance on enjoying FTA tariffs benefit for the export of S$100,000 worth of electric motors (HS code: 8501.10.10.30) from Singapore to the United Kingdom.","# Guidance on Enjoying FTA Tariff Benefits for Electric Motors Export

## Your Export Details
- **Product:** Electric motors
- **HS Code:** 8501.10.10.30
- **Origin:** Singapore
- **Destination:** United Kingdom
- **Export Value:** S$100,000

---

## Important Notice: HS Code Tariff Information Limitation

⚠️ **System Limitation Identified:**

The system could not retrieve specific tariff and duty rate information for HS code **8501.10.10.30** for exports from Singapore to the United Kingdom. Th",223240.14,6028.03,200,Success
2026-04-09T10:20:17.251006,load,Indirect,"We assemble vacuum cleaners (HS Code 8508.19.10) in Singapore from Chinese parts and export to Indonesia. Does simple assembly confer Singapore origin, or should we apply for a back-to-back PCO instea","# Analysis: Singapore Origin vs. Back-to-Back PCO for Vacuum Cleaners

## Your Scenario
- **Product:** Vacuum cleaners (HS Code 8508.19.10)
- **Movement:** China → Singapore (assembly) → Indonesia
- **Processing in Singapore:** Assembly from Chinese parts

---

## 1. Tariff Analysis

### Option A: If goods retain Chinese origin (China → Indonesia)

**Source:** Mendel tool results for HS 8508.19.10, China to Indonesia

| Tariff Type | Rate | FTA/Agreement |
|-------------|------|---------------|
",221423.98,10302.77,200,Success
2026-04-09T10:20:24.182460,load,Indirect,"For shipments from Singapore to Australia with goods sourced from Japan and Korea, what are the steps to claim AANZFTA or RCEP preferences?","Thank you for your enquiry regarding claiming AANZFTA or RCEP preferences for shipments from Singapore to Australia with goods sourced from Japan and Korea.

To assist you effectively with the Back-to-Back Preferential Certificate of Origin (B2B PCO) process and FTA preference claims, I need the following information:

### **Required Information:**
- **HS Code**: Please provide the specific HS code for your goods. If you're unsure of the correct HS code, you can:
  - Use the [Business HS Code ch",190196.73,96003.91,200,Success
2026-04-09T10:20:32.047537,load,Direct,What is Singapore Customs' approach to border controls against counterfeit goods?,"## Singapore Customs' Approach to Border Controls Against Counterfeit Goods

I attempted to retrieve information about Singapore Customs' approach to border controls against counterfeit goods from our knowledge base and glossary systems. Unfortunately, both systems encountered connectivity issues and were unable to return results at this time.

### What Has Been Done and What's Next:

- ✅ Identified your query regarding Singapore Customs' border control measures for counterfeit goods
- ❌ Knowled",193014.09,36315.68,200,Success
2026-04-09T10:20:49.581783,load,Direct,How long does it take to get a PCO from Singapore Customs for ATIGA export to Thailand?,"### Processing Time for ATIGA PCO from Singapore Customs

I apologize, but I am currently unable to retrieve the specific information regarding the processing time for obtaining a Preferential Certificate of Origin (PCO) from Singapore Customs for ATIGA (ASEAN Trade in Goods Agreement) exports to Thailand.

To provide you with accurate and up-to-date information about:
- **PCO application processing timelines** under ATIGA
- **Application procedures** through Singapore Customs
- **Required docum",234666.3,56754.01,200,Success
2026-04-09T10:20:54.334262,load,Direct,I am importing ceramic tiles (HS 6908.90) from Vietnam to Singapore. What tariff applies under ATIGA?,"I apologize, but I am currently unable to retrieve the tariff information for your query due to a technical connectivity issue with our tariff database system.

### Your Query Details:
- **Product**: Ceramic tiles
- **HS Code**: 6908.90
- **Country of Origin**: Vietnam
- **Country of Destination**: Singapore
- **FTA**: ATIGA (ASEAN Trade in Goods Agreement)

### What I Attempted:
I attempted to retrieve the official tariff rates, duties, and taxes information from our authoritative tariff databa",249445.2,31695.83,200,Success
2026-04-09T10:21:05.302528,load,Indirect,"We import headphones (HS 8518.30.10) from China and sell to Vietnam. Can CPTPP preferences ever apply, and what proof would be required?",,105929.92,105929.85,200,Error - Empty Response
2026-04-09T10:21:05.444029,load,Indirect,"We import raw cocoa (HS 1801) from Ghana, process it into chocolate (HS 1806) in Singapore, and export to Japan. How do we prove substantial transformation and claim preference under RCEP?","### Critical Finding: RCEP Back-to-Back PCO Eligibility Assessment

Based on your scenario where you import raw cocoa (HS 1801) from Ghana, process it into chocolate (HS 1806) in Singapore, and export to Japan, I must inform you of a fundamental eligibility issue:

---

### ❌ **You Are NOT Eligible for Back-to-Back PCO Under RCEP**

**Reason:** Ghana is not a member of the Regional Comprehensive Economic Partnership (RCEP).

**RCEP Member Countries are:**
- Australia
- Brunei Darussalam
- Cambod",270635.99,21227.34,200,Success
2026-04-09T10:21:07.059906,load,Indirect,I import meat with HS code 0201.30.01 from Australia to Singapore and re-export to Japan. Am I eligible for preferential tariffs?,"### Your Enquiry Summary

**Product**: Meat  
**HS Code**: 0201.30.01  
**Movement**: Australia (Origin) → Singapore (Intermediate) → Japan (Final Destination)  
**Question**: Eligibility for preferential tariffs under Back-to-Back Preferential Certificate of Origin (B2B PCO)

---

### Current Status

I am unable to retrieve sufficient information to determine your eligibility for preferential tariffs due to technical connectivity issues with the authoritative data systems. To properly assess yo",266178.65,27631.21,200,Success
2026-04-09T10:21:12.709390,load,Indirect,"For shipments from Singapore to Australia with goods sourced from Japan and Korea, what are the steps to claim AANZFTA or RCEP preferences?","Thank you for your enquiry regarding claiming AANZFTA or RCEP preferences for shipments from Singapore to Australia with goods sourced from Japan and Korea.

To assist you effectively with the steps to claim FTA preferences and determine your eligibility for Back-to-Back Preferential Certificate of Origin (B2B PCO), I need the following information:

### **Required Information:**
- **HS Code**: Please provide the specific HS code for your goods. This is essential for determining tariff rates, FT",230701.67,106726.72,200,Success
2026-04-09T10:21:18.049171,load,Indirect,"For shipments from Singapore to Australia with goods sourced from Japan and Korea, what are the steps to claim AANZFTA or RCEP preferences?","Thank you for your enquiry regarding claiming AANZFTA or RCEP preferences for shipments from Singapore to Australia with goods sourced from Japan and Korea.

To provide you with accurate guidance on the steps to claim these FTA preferences, I need some additional information:

### Required Information:
- **HS Code**: Please provide the HS code for your goods. This is essential to determine tariff rates, eligibility, and specific requirements under AANZFTA and RCEP.

### Optional but Important In",232022.74,108931.0,200,Success
2026-04-09T10:21:36.350717,load,Indirect,I want to import semiconductor integrated circuits from South Korea to Singapore and intend to re-export them to Vietnam. The HS code is 8542.31. Am I eligible for any FTAs?,"### Technical Issue Encountered

I apologize, but I am currently unable to retrieve the necessary tariff and FTA information from our authoritative database system due to technical connectivity issues. 

To properly assess your eligibility for FTAs and Back-to-Back Preferential Certificate of Origin (B2B PCO) for your scenario:

**Your Trade Scenario:**
- **Product**: Semiconductor integrated circuits
- **HS Code**: 8542.31
- **Movement**: South Korea → Singapore → Vietnam

**Information Require",284399.13,41165.36,200,Success
2026-04-09T10:21:38.197027,load,Indirect,"Can we use exporter self-certification under the UK-Singapore FTA for our exports of pharmaceutical products (HS 3004), and what are the exact conditions and record-keeping requirements?","Thank you for your inquiry about exporter self-certification under the UK-Singapore FTA for pharmaceutical products (HS 3004).

### Missing Required Information

To provide you with accurate and complete information about self-certification eligibility, conditions, and record-keeping requirements under the UK-Singapore FTA, I need the following clarification:

**Required Information:**
- **Country of Origin**: Are you exporting FROM Singapore TO the United Kingdom, or FROM the United Kingdom TO ",274245.3,60859.09,200,Success
2026-04-09T10:21:47.196669,load,Indirect,"Can we use exporter self-certification under the UK-Singapore FTA for our exports of pharmaceutical products (HS 3004), and what are the exact conditions and record-keeping requirements?","### Query Summary
You are asking about **exporter self-certification under the UK-Singapore FTA** for pharmaceutical products classified under **HS Code 3004**, specifically regarding:
- Whether self-certification is available
- Exact conditions for eligibility
- Record-keeping requirements

---

### Current Status

I attempted to retrieve the specific legal provisions, conditions, and record-keeping requirements from our knowledge base containing the UK-Singapore FTA legal texts, but encountere",287197.12,76712.71,200,Success
2026-04-09T10:21:52.027837,load,Indirect,"We have an existing PCO but the importer says the HS code on the certificate does not match their customs declaration. How do we correct or reissue the certificate, and will it affect the validity per","## Understanding Your Situation

You have an existing **PCO (Preferential Certificate of Origin)** where the HS code listed on the certificate does not match the HS code on the importer's customs declaration. You need guidance on how to correct or reissue this certificate and whether the correction will affect the validity period.

## Current Analysis

Unfortunately, I encountered technical difficulties accessing the knowledge base and glossary systems that contain the specific procedural inform",250910.26,43213.26,200,Success
2026-04-09T10:21:53.939001,load,Direct,What is an Ordinary Certificate of Origin and when do I need it?,"### What is an Ordinary Certificate of Origin?

An **Ordinary Certificate of Origin (Ordinary CO)** is a trade document that certifies the country in which goods were manufactured, produced, or processed. Unlike a Preferential Certificate of Origin (which is used to claim preferential tariff rates under Free Trade Agreements), an Ordinary CO is a **non-preferential** document.

---

### When Do You Need an Ordinary Certificate of Origin?

An Ordinary CO is typically required in the following sit",262647.38,34326.9,200,Success
2026-04-09T10:22:02.722193,load,Indirect,"Under which FTAs, if any, can India-origin goods use a back-to-back mechanism via Singapore?","Thank you for your enquiry about back-to-back PCO mechanisms for India-origin goods via Singapore.

To provide you with accurate information about which FTAs allow back-to-back mechanisms for your specific case, I need the following information:

### Required Information

**1. HS Code** (Required)
   - Please provide the 6-digit or more specific HS code for your goods
   - If you're unsure of the HS code, please refer to:
     - [Business HS Code Checker](https://www.gobusiness.gov.sg/import-exp",267485.05,130729.32,200,Success
2026-04-09T10:22:07.953567,load,Indirect,"We are considering moving some production from China to Singapore to benefit from FTAs. For electronics (HS 8517), what origin criteria apply under RCEP and CPTPP, and what percentage of value must be","I apologize, but I encountered technical difficulties while attempting to retrieve the specific origin criteria information for HS 8517 electronics under RCEP and CPTPP agreements. The knowledge base and related systems experienced connection timeouts when I tried to access:

1. HS code nomenclature details for HS 8517
2. RCEP rules of origin for HS 8517
3. CPTPP rules of origin for HS 8517
4. RVC (Regional Value Content) calculation guidelines

## What I Was Attempting to Retrieve

For your pro",270844.51,40861.63,200,Success
2026-04-09T10:22:12.198413,load,Direct,Can we issue a back-to-back PCO when the import CO was issued under a different FTA than the export FTA?,"## Back-to-Back PCO Issuance Under Different FTAs

I apologize, but I encountered technical difficulties accessing the knowledge base and glossary systems that contain the authoritative information about back-to-back Proof of Certificate of Origin (PCO) requirements and whether they can be issued when the import CO was issued under a different FTA than the export FTA.

### Current Status

**What I attempted:**
- ✓ Initiated search for back-to-back PCO/CO requirements
- ✗ Unable to retrieve infor",265069.05,40824.19,200,Success
2026-04-09T10:22:12.444198,load,Indirect,"Can we use exporter self-certification under the UK-Singapore FTA for our exports of pharmaceutical products (HS 3004), and what are the exact conditions and record-keeping requirements?","Thank you for your enquiry about exporter self-certification under the UK-Singapore FTA for pharmaceutical products (HS 3004).

To provide you with accurate information about self-certification eligibility, conditions, and record-keeping requirements, I need to confirm the following details:

### Missing Information Required:

1. **Country of Origin**: Are you exporting FROM Singapore TO the United Kingdom, or FROM the United Kingdom TO Singapore?
2. **Country of Destination**: Please confirm th",277342.59,127990.79,200,Success
2026-04-09T10:22:23.842725,load,Direct,How do I check if my product qualifies for zero tariff under RCEP?,"## How to Check if Your Product Qualifies for Zero Tariff Under RCEP

I understand you're looking for guidance on checking if your product qualifies for zero tariff under the Regional Comprehensive Economic Partnership (RCEP) agreement. Unfortunately, I encountered technical difficulties accessing the knowledge base and glossary systems that contain the detailed RCEP qualification procedures and requirements.

However, I can provide you with the general framework for checking RCEP zero tariff el",271698.76,40594.56,200,Success
2026-04-09T10:22:24.023891,load,Indirect,"For machinery (HS 8479) assembled in Singapore from US and German parts, what are the rules of origin under the EU-Singapore FTA and UK-Singapore FTA, and how do we calculate and document RVC?","# Rules of Origin for Machinery (HS 8479) under EU-Singapore FTA and UK-Singapore FTA

## Current Analysis

I attempted to retrieve the specific rules of origin and RVC calculation requirements for machinery classified under HS code 8479 assembled in Singapore from US and German parts under both the **EU-Singapore FTA (EUSFTA)** and **UK-Singapore FTA (UKSFTA)**. Unfortunately, I encountered technical connectivity issues that prevented me from accessing the necessary information from our knowled",275072.61,48168.36,200,Success
2026-04-09T10:22:29.558036,load,Indirect,"Our goods qualify under both RCEP and ATIGA for export to Thailand. Which agreement should we use for the PCO, and does it affect how we complete the origin declaration?","# Choosing Between RCEP and ATIGA for PCO and Origin Declaration

## Current Analysis

Based on your query, you are exporting goods from Singapore to Thailand, and your goods qualify under both **RCEP** (Regional Comprehensive Economic Partnership) and **ATIGA** (ASEAN Trade in Goods Agreement). You want to know:
1. Which agreement to use for the PCO (Preferential Certificate of Origin)
2. Whether the choice affects how you complete the origin declaration

---

## Analysis Status

Unfortunately,",289185.09,43047.02,200,Success
2026-04-09T10:22:37.142896,load,Indirect,We import Korean cosmetics (HS 3304) under RCEP into Singapore and re-export to Japan with no further processing. Can we apply for a back-to-back RCEP certificate?,,112601.8,112601.75,200,Error - Empty Response
2026-04-09T10:22:40.120692,load,Indirect,"Our goods qualify under both RCEP and ATIGA for export to Thailand. Which agreement should we use for the PCO, and does it affect how we complete the origin declaration?","I apologize, but I encountered technical difficulties accessing the knowledge base and glossary systems needed to provide you with accurate information about choosing between RCEP and ATIGA for your Preferential Certificate of Origin (PCO) and how it affects origin declaration completion.

## Current Analysis

Your question involves:
- **PCO (Preferential Certificate of Origin)**: A document that certifies goods qualify for preferential tariff treatment under a specific Free Trade Agreement
- **",285961.87,46462.92,200,Success
2026-04-09T10:22:41.055325,load,Indirect,"For machinery (HS 8479) assembled in Singapore from US and German parts, what are the rules of origin under the EU-Singapore FTA and UK-Singapore FTA, and how do we calculate and document RVC?","I apologize, but I encountered technical difficulties accessing the knowledge base and glossary systems needed to retrieve the specific rules of origin information for HS 8479 machinery under the EU-Singapore FTA and UK-Singapore FTA.

## Current Status

**What I attempted to retrieve:**
- ✗ Rules of Origin for HS 8479 under EU-Singapore FTA (EUSFTA)
- ✗ Rules of Origin for HS 8479 under UK-Singapore FTA (UKSFTA)
- ✗ RVC (Regional Value Content) calculation methods for both FTAs
- ✗ Documentatio",284904.65,46681.37,200,Success
2026-04-09T10:22:48.700519,load,Indirect,"We received a request from Indonesian customs to verify our ATIGA PCO. What is the process for Singapore exporters, what documents must we provide, and what is the typical timeline?","## ATIGA PCO Verification Process for Singapore Exporters

I attempted to retrieve detailed information about the ATIGA (ASEAN Trade in Goods Agreement) Preferential Certificate of Origin (PCO) verification process from our knowledge base and glossary systems. Unfortunately, I encountered technical connectivity issues that prevented me from accessing the specific procedural details, required documents, and timeline information you need.

## What I Understand About Your Situation

You are a Singa",298555.58,47913.75,200,Success
2026-04-09T10:23:13.017036,load,Indirect,"We import headphones (HS 8518.30.10) from China and sell to Vietnam. Can CPTPP preferences ever apply, and what proof would be required?","Thank you for your question about CPTPP preferences for headphones (HS 8518.30.10) from China to Vietnam.

To provide you with accurate guidance, could you please clarify:

1. **Will the headphones undergo any processing, repacking, assembly, or transformation in Singapore?** Or will they be directly transshipped from China to Vietnam without any value-added activities in Singapore?

2. **What is Singapore's role in this transaction?** Are you based in Singapore and acting as a trader/intermedia",230118.66,230114.18,200,Success
2026-04-09T10:23:21.463021,load,Direct,How do I identify appropriate HS codes and market requirements for exporting headphones to the Philippines?,,132028.45,132028.23,200,Error - Empty Response
2026-04-09T10:23:51.414571,load,Direct,Where do I get help with FTA and Certificate of Origin queries in Singapore?,"I can help you with FTA and Certificate of Origin queries! I'm here to assist with:

- **PCO (Preferential Certificate of Origin)** applications and processes
- **Back-to-Back PCO** for goods processed through Singapore
- **General trade knowledge** including FTA rules, tariff preferences, and compliance

Could you please share more details about your specific query? For example:
- Are you looking to export/import specific goods?
- Do you need information about a particular FTA?
- Are you seekin",252993.17,252985.91,200,Success
2026-04-09T10:23:57.139250,load,Indirect,"We assemble vacuum cleaners (HS Code 8508.19.10) in Singapore from Chinese parts and export to Indonesia. Does simple assembly confer Singapore origin, or should we apply for a back-to-back PCO instea",,123496.32,123496.26,200,Error - Empty Response
2026-04-09T10:23:58.504334,load,Indirect,"Under which FTAs, if any, can India-origin goods use a back-to-back mechanism via Singapore?",,119114.26,119114.15,200,Error - Empty Response
2026-04-09T10:24:13.396806,load,Indirect,"Can we use exporter self-certification under the UK-Singapore FTA for our exports of pharmaceutical products (HS 3004), and what are the exact conditions and record-keeping requirements?",,119787.44,119787.38,200,Error - Empty Response
2026-04-09T10:24:25.019615,load,Direct,"If software classified as strategic goods technology is hosted on a server in Singapore for global download, what authorisations are required under Singapore's Strategic Goods (Control) regime?",,114953.71,114953.63,200,Error - Empty Response
2026-04-09T10:24:35.631703,load,Indirect,I want to import semiconductor integrated circuits from South Korea to Singapore and intend to re-export them to Vietnam. The HS code is 8542.31. Am I eligible for any FTAs?,,120237.75,120232.13,200,Error - Empty Response
2026-04-09T10:24:52.167818,load,Indirect,"If we import under ASEAN-China FTA and re-export to Japan under RCEP with minimal repackaging in Singapore, can we use a back-to-back certificate, and what are the conditions and time limits?",,115129.51,115129.43,200,Error - Empty Response
2026-04-09T10:25:01.470176,load,Indirect,"We import headphones (HS 8518.30.10) from China and sell to Vietnam. Can CPTPP preferences ever apply, and what proof would be required?",,118973.76,118973.67,200,Error - Empty Response
2026-04-09T10:25:20.914105,load,Direct,I export wooden furniture (HS 9403.60) from Singapore to Australia. What is the duty rate under the relevant FTA?,,117489.23,117485.78,200,Error - Empty Response
2026-04-09T10:25:25.129636,load,Direct,What documents do I need to apply for a Preferential Certificate of Origin under RCEP for export to China?,,108728.61,108728.57,200,Error - Empty Response
2026-04-09T10:25:38.060152,load,Indirect,"We ship from Singapore to multiple ASEAN countries (Indonesia, Philippines, Vietnam) under ATIGA. Do we need one PCO per destination or one for the whole order, and what are the declaration requiremen",,127674.0,127673.88,200,Error - Empty Response
2026-04-09T10:25:53.101118,load,Indirect,"If I import products from South Korea into Singapore, store them in Singapore, and then export them to Vietnam. Is there any FTA I can use to obtain duty savings on import into Vietnam?",,122450.44,122450.39,200,Error - Empty Response
2026-04-09T10:26:00.344208,load,Indirect,"For goods that qualify under both ATIGA and RCEP when exporting from Singapore to Thailand, how do we choose which FTA to use, and can we switch between them for different shipments of the same produc",,120975.74,120975.68,200,Error - Empty Response
2026-04-09T10:26:21.430044,load,Indirect,"Our company sources components from China, Thailand, and Malaysia and assembles electronic switches (HS 8536.50) in Singapore for export to Australia. Can we claim Singapore origin under AANZFTA, and ",,112418.19,112418.13,200,Error - Empty Response
2026-04-09T10:26:33.334983,load,Indirect,I import machinery parts from Japan to Singapore and would like to re-export to India. The HS code of the machinery parts are 8401.10. Am I eligible for any FTAs?,,98164.08,98164.02,200,Error - Empty Response
2026-04-09T10:26:46.820960,load,Indirect,We import Korean cosmetics (HS 3304) under RCEP into Singapore and re-export to Japan with no further processing. Can we apply for a back-to-back RCEP certificate?,,109203.78,109203.73,200,Error - Empty Response
2026-04-09T10:26:47.339766,load,Indirect,"If we import under ASEAN-China FTA and re-export to Japan under RCEP with minimal repackaging in Singapore, can we use a back-to-back certificate, and what are the conditions and time limits?",,134836.59,134836.55,200,Error - Empty Response
2026-04-09T10:27:02.486178,load,Direct,How do I check if my product qualifies for zero tariff under RCEP?,,98286.06,98285.96,200,Error - Empty Response
2026-04-09T10:27:13.953086,load,Indirect,I import machinery parts from Japan to Singapore and would like to re-export to India. The HS code of the machinery parts are 8401.10. Am I eligible for any FTAs?,,129352.78,129352.64,200,Error - Empty Response
2026-04-09T10:27:23.897504,load,Indirect,I import meat with HS code 0201.30.01 from Australia to Singapore and re-export to Japan. Am I eligible for preferential tariffs?,"Thank you for your questions. I can help you with both topics.

For your first question about identifying HS codes and market requirements for exporting headphones to the Philippines, I can provide guidance on that.

For your second question about importing meat (HS code 0201.30.01) from Australia to Singapore and re-exporting to Japan: Could you clarify whether the meat undergoes any processing, repacking, or transformation in Singapore, or is it simply transshipped directly from Australia thro",203381.86,203375.83,200,Success
2026-04-09T10:27:24.043032,load,Direct,I am exporting essential oils with HS code 3301.29.51.03 from France to the US. What tariffs apply?,,100089.69,100089.64,200,Error - Empty Response
2026-04-09T10:27:32.516622,load,Indirect,"We received a request from Indonesian customs to verify our ATIGA PCO. What is the process for Singapore exporters, what documents must we provide, and what is the typical timeline?","I notice you've asked multiple questions at once. To provide you with the most accurate and comprehensive assistance, I can only address one topic at a time. 

Could you please confirm which question you'd like me to focus on first?

1. **Strategic Goods Control**: Authorisations required for software classified as strategic goods technology hosted on a Singapore server for global download
2. **ATIGA PCO Verification**: The process, required documents, and timeline for Singapore exporters when I",248958.62,119509.51,200,Success
2026-04-09T10:27:34.123060,load,Indirect,"We assemble vacuum cleaners (HS Code 8508.19.10) in Singapore from Chinese parts and export to Indonesia. Does simple assembly confer Singapore origin, or should we apply for a back-to-back PCO instea",,117012.06,117012.01,200,Error - Empty Response
2026-04-09T10:27:35.002829,load,Indirect,"Under which FTAs, if any, can India-origin goods use a back-to-back mechanism via Singapore?","Thank you for your questions. I notice you've asked several different questions covering multiple topics:

1. **Origin determination and documentation** for importing cotton fabric (HS 5208) from India, processing in Singapore, and exporting garments to the EU under RCEP and EU-Singapore FTA
2. **PCO application process** under the Digital Economy Agreement (DEA) between Singapore and Australia
3. **Back-to-back PCO eligibility** for India-origin goods via Singapore under various FTAs

To provid",245724.74,245717.97,200,Success
2026-04-09T10:27:35.734209,load,Indirect,"Under which FTAs, if any, can India-origin goods use a back-to-back mechanism via Singapore?",,97947.42,97947.38,200,Error - Empty Response
2026-04-09T10:27:39.907634,load,Direct,Which Free Trade Agreements (FTAs) can I utilise when exporting umbrellas (HS Code: 6601.99.00.03) from Singapore to Australia?,"I notice you've asked multiple questions at once. To provide you with the most accurate and comprehensive information, I'd like to address them one at a time. 

Could you please confirm which question you'd like me to prioritize first?

1. **Rules of origin for machinery (HS 8479)** assembled in Singapore from US and German parts under the EU-Singapore FTA and UK-Singapore FTA, including RVC calculation and documentation requirements?

2. **FTAs available for exporting umbrellas (HS Code: 6601.9",238143.08,125101.41,200,Success
2026-04-09T10:27:46.049493,load,Direct,What HS code should I use for LED light fixtures (ceiling type) for export to India?,"I notice you've asked multiple questions at once. To provide you with the most accurate and thorough assistance, I can only address one request at a time. 

Could you please clarify which question you'd like me to prioritize?

1. **PCO application rejection and appeal process** - Information about what to do if your Preferential Certificate of Origin application is rejected by Singapore Customs, including rectification steps and timelines

2. **HS code for LED light fixtures (ceiling type) for e",219734.25,120477.76,200,Success
2026-04-09T10:27:51.759409,load,Direct,"Which Singapore FTA covers trade in services, not just goods?","I notice you've asked multiple questions at once. To provide you with the most accurate and thorough assistance, I can only address one request at a time. Let me help you prioritize:

**Your questions are:**
1. Can you claim Singapore origin under AANZFTA for electronic switches (HS 8536.50) assembled in Singapore from components sourced from China, Thailand, and Malaysia for export to Australia? What RVC method and supporting documents are required?
2. Which Singapore FTA covers trade in servic",226707.59,123048.02,200,Success
2026-04-09T10:28:07.810739,load,Direct,I am exporting umbrella parts with HS code 6603.90.41 from Brazil to the US. What are the additional tariffs?,,108027.87,108027.82,200,Error - Empty Response
2026-04-09T10:28:13.072875,load,Indirect,"If I import products from South Korea into Singapore, store them in Singapore, and then export them to Vietnam. Is there any FTA I can use to obtain duty savings on import into Vietnam?",,111164.42,111164.36,200,Error - Empty Response
2026-04-09T10:28:14.624570,load,Indirect,"If I import products from South Korea into Singapore, store them in Singapore, and then export them to Vietnam. Is there any FTA I can use to obtain duty savings on import into Vietnam?",,95404.91,95404.86,200,Error - Empty Response
2026-04-09T10:28:23.614555,load,Indirect,"For machinery (HS 8479) assembled in Singapore from US and German parts, what are the rules of origin under the EU-Singapore FTA and UK-Singapore FTA, and how do we calculate and document RVC?",,116310.31,116310.23,200,Error - Empty Response
2026-04-09T10:28:38.992126,load,Indirect,"We received a request from Indonesian customs to verify our ATIGA PCO. What is the process for Singapore exporters, what documents must we provide, and what is the typical timeline?","I notice you've asked multiple questions at once. To provide you with the most accurate and comprehensive assistance, I'd like to address these one at a time. 

Let me clarify what I see:

1. **Origin determination question**: Cotton fabric (HS 5208) from India → Singapore (dyeing/cutting) → EU as garments - determining origin under RCEP and EU-Singapore FTA with documentation requirements

2. **ATIGA PCO verification question**: Process for Singapore exporters when Indonesian customs requests v",234497.47,111479.86,200,Success
2026-04-09T10:28:49.950794,load,Direct,"If software classified as strategic goods technology is hosted on a server in Singapore for global download, what authorisations are required under Singapore's Strategic Goods (Control) regime?","Thank you for your questions. I notice you've asked about two different topics:

1. Back-to-back RCEP certificate for Korean cosmetics (HS 3304) imported into Singapore and re-exported to Japan
2. Authorisations required for strategic goods technology hosted on servers in Singapore

To provide you with the most accurate and helpful information, could you please let me know which topic you'd like to focus on first? This will help me assist you more effectively with each specific area.",221361.59,221354.22,200,Success
2026-04-09T10:28:57.852043,load,Indirect,I import machinery parts from Japan to Singapore and would like to re-export to India. The HS code of the machinery parts are 8401.10. Am I eligible for any FTAs?,,100229.2,100229.14,200,Error - Empty Response
2026-04-09T10:29:35.962789,load,Direct,I am exporting steel forgings of gear boxes with HS code 8708.40.75.70 from China to the US. What tariffs apply?,,100254.37,100254.32,200,Error - Empty Response
2026-04-09T10:30:06.963188,load,Indirect,"We import headphones (HS 8518.30.10) from China and sell to Vietnam. Can CPTPP preferences ever apply, and what proof would be required?",,115200.9,115200.84,200,Error - Empty Response
2026-04-09T10:30:20.933032,load,Indirect,"We export organic fertiliser (HS 3101) from Singapore to New Zealand. Under CPTPP, what are the rules of origin and any product-specific requirements we must meet?","I notice you've asked multiple questions at once. To provide you with accurate and thorough assistance, I can only address one question at a time. This ensures I can gather all the relevant information and give you the detailed guidance you need.

Let me help you prioritize. You have four distinct questions:

1. **Wine re-export from Australia → Singapore → Japan**: Claiming preference under RCEP or CPTPP with bonded warehouse storage
2. **Strategic goods software**: Authorization requirements f",236761.5,107479.6,200,Success
2026-04-09T10:30:24.219144,load,Direct,"Please provide guidance on enjoying FTA tariffs benefit for the export of S$100,000 worth of electric motors (HS code: 8501.10.10.30) from Singapore to the United Kingdom.",,122937.04,122936.95,200,Error - Empty Response
2026-04-09T10:30:25.540261,load,Indirect,I import brooms with HS code 9603.10.20 from China to Singapore and would like to re-export to Malaysia. Am I eligible for any FTAs?,,119936.43,119936.33,200,Error - Empty Response
2026-04-09T10:30:53.116325,load,Direct,What FTAs can I use to export coffee (HS 0901.21) from Singapore to Chile?,,124382.57,124382.52,200,Error - Empty Response
2026-04-09T10:31:11.061484,load,Direct,Where do I get help with FTA and Certificate of Origin queries in Singapore?,"I am unable to retrieve sufficient information regarding this subject matter. For further guidance, please click on the 'Email' button on the bottom right corner of the screen to arrange for a call or a one-to-one advisory session. Our specialists can offer tailored insights based on your product and trade needs, and help you address any related queries or challenges.",236614.62,236611.46,200,Success
2026-04-09T10:31:13.700781,load,Indirect,I import machinery parts from Japan to Singapore and would like to re-export to India. The HS code of the machinery parts are 8401.10. Am I eligible for any FTAs?,,113109.26,113109.19,200,Error - Empty Response
2026-04-09T10:31:23.036769,load,Indirect,"We are considering moving some production from China to Singapore to benefit from FTAs. For electronics (HS 8517), what origin criteria apply under RCEP and CPTPP, and what percentage of value must be","I notice you've submitted multiple questions at once. To provide you with the most accurate and thorough assistance, **I can only address one question at a time**. This ensures I can gather all the necessary information and give you a comprehensive answer.

Let me break down what you've asked:

1. **Singapore-Turkey FTA and textile tariffs (HS 5407)**
2. **Vacuum cleaners (HS 8508.19.10) assembly in Singapore from Chinese parts for export to Indonesia - origin determination and back-to-back PCO*",226771.03,95898.03,200,Success
2026-04-09T10:31:58.658952,load,Direct,Which Free Trade Agreements (FTAs) can I utilise when exporting umbrellas (HS Code: 6601.99.00.03) from Singapore to Australia?,,143495.34,143495.26,200,Error - Empty Response
2026-04-09T10:32:07.161656,load,Direct,We are a manufacturing company looking to export plastic bottles to customers in other countries. Can you please advise the steps and processes we have to take?,,134718.26,134718.19,200,Error - Empty Response
2026-04-09T10:32:12.308157,load,Indirect,How do I qualify for preferential treatment under the ATIGA for my export of water pumps with HS code 8413.20.90 from Singapore to Indonesia?,,130261.03,130260.95,200,Error - Empty Response
2026-04-09T10:32:12.512747,load,Indirect,"For goods that qualify under both ATIGA and RCEP when exporting from Singapore to Thailand, how do we choose which FTA to use, and can we switch between them for different shipments of the same produc",,134203.51,134203.46,200,Error - Empty Response
2026-04-09T10:32:40.454044,load,Indirect,I import machinery parts from Japan to Singapore and would like to re-export to India. The HS code of the machinery parts are 8401.10. Am I eligible for any FTAs?,,120123.34,120123.28,200,Error - Empty Response
2026-04-09T10:32:43.191050,load,Direct,"What is the validity period of back-to-back COs issued by Singapore Customs, and can validity be extended?","I appreciate your questions about Singapore's FTAs and Certificate of Origin procedures. However, I notice you've asked **multiple questions at once**, covering different topics:

1. Number of FTAs Singapore has signed vs. in force, and verification sources
2. Processing time for PCO (Preferential Certificate of Origin) from Singapore Customs for ATIGA export to Thailand
3. Validity period of back-to-back COs issued by Singapore Customs and extension possibilities

To provide you with the most a",239073.2,119707.58,200,Success
2026-04-09T10:32:43.402382,load,Indirect,"If we import under ASEAN-China FTA and re-export to Japan under RCEP with minimal repackaging in Singapore, can we use a back-to-back certificate, and what are the conditions and time limits?",,144932.97,144932.92,200,Error - Empty Response
2026-04-09T10:32:43.551643,load,Indirect,"We assemble vacuum cleaners (HS Code 8508.19.10) in Singapore from Chinese parts and export to Indonesia. Does simple assembly confer Singapore origin, or should we apply for a back-to-back PCO instea",,151909.11,151908.79,200,Error - Empty Response
2026-04-09T10:32:46.296779,load,Direct,I am exporting essential oils with HS code 3301.29.51.03 from France to the US. What tariffs apply?,"I notice you've submitted multiple questions at once. To provide you with the most accurate and thorough assistance, **I can only address one request at a time**. 

Looking at your queries, I can see three distinct topics:

1. **Rules of origin for Singapore-Australia FTA** and PCO certificate correction/reissuance
2. **Tariffs for essential oils (HS 3301.29.51.03) from France to the US** (mentioned multiple times)

Could you please clarify which question you'd like me to address first? 

Based ",239991.75,121893.75,200,Success
2026-04-09T10:32:47.312833,load,Direct,Which FTA gives the best tariff for exporting solar panels (HS 8541.40) from Singapore to Japan?,"I notice you've asked multiple questions at once. To provide you with the most accurate and thorough assistance, I can only address one request at a time. 

Let me clarify what I see in your message:

1. **PCO application rejection and appeal process** - Questions about rectifying rejected Preferential Certificate of Origin applications
2. **Consolidation and origin documentation** - Questions about certificates for consolidated shipments from multiple ASEAN countries through Singapore to Austra",266389.33,117182.52,200,Success
2026-04-09T10:32:47.314056,load,Indirect,"For machinery (HS 8479) assembled in Singapore from US and German parts, what are the rules of origin under the EU-Singapore FTA and UK-Singapore FTA, and how do we calculate and document RVC?","I appreciate you providing detailed questions. However, to ensure I can give you the most accurate and thorough assistance, **I can only address one question at a time**.

You've asked about three different scenarios:

1. **T-shirts (HS 6109.10.00.14) from Colombia to the US** - tariff inquiry
2. **Machinery (HS 8479) assembled in Singapore from US and German parts** - Rules of Origin under EU-Singapore FTA and UK-Singapore FTA, plus RVC calculation and documentation

Could you please let me kno",266977.72,117769.39,200,Success
2026-04-09T10:33:03.916205,load,Indirect,"For machinery (HS 8479) assembled in Singapore from US and German parts, what are the rules of origin under the EU-Singapore FTA and UK-Singapore FTA, and how do we calculate and document RVC?","I appreciate you providing detailed trade scenarios. However, I can only process **one request at a time** to ensure accuracy and thoroughness in my research and response.

You've presented **four distinct questions**:

1. ✅ **Cotton fabric (HS 5208)** from India → Singapore (processing) → EU: Origin determination under RCEP and EU-Singapore FTA
2. **Electronic switches (HS 8536.50)** from China/Thailand/Malaysia → Singapore (assembly) → Australia: AANZFTA origin claims
3. **Machinery (HS 8479)*",252833.96,127613.76,200,Success
2026-04-09T10:33:09.128824,load,Indirect,"We assemble vacuum cleaners (HS Code 8508.19.10) in Singapore from Chinese parts and export to Indonesia. Does simple assembly confer Singapore origin, or should we apply for a back-to-back PCO instea",,139318.84,139318.77,200,Error - Empty Response
2026-04-09T10:33:13.180917,load,Direct,Where do I get help with FTA and Certificate of Origin queries in Singapore?,"I am unable to retrieve sufficient information regarding this subject matter. For further guidance, please click on the 'Email' button on the bottom right corner of the screen to arrange for a call or a one-to-one advisory session. Our specialists can offer tailored insights based on your product and trade needs, and help you address any related queries or challenges.",251282.85,251276.71,200,Success
2026-04-09T10:33:17.514314,load,Direct,"Can a non-preferential Certificate of Origin be issued after shipment, and what evidence is required?","I notice you've asked multiple questions at once. To provide you with the most accurate and comprehensive assistance, **I can only address one question at a time**. This ensures I can thoroughly research and deliver precise information tailored to your specific needs.

Let me help you prioritize. You've asked about:

1. **Plastic containers (HS 3924)** - Proving origin under ATIGA for Singapore to Vietnam export, and comparing FTAs for better tariffs
2. **Vacuum cleaners (HS 8508.19.10)** - Whet",250246.79,123937.51,200,Success
2026-04-09T10:33:18.125412,load,Indirect,"For machinery (HS 8479) assembled in Singapore from US and German parts, what are the rules of origin under the EU-Singapore FTA and UK-Singapore FTA, and how do we calculate and document RVC?",,119708.32,119708.07,200,Error - Empty Response
2026-04-09T10:33:26.293063,load,Direct,"Does Singapore have an FTA with Turkey? If yes, what is the tariff for exporting textiles (HS 5407)?",,122784.74,122784.69,200,Error - Empty Response
2026-04-09T10:33:27.408152,load,Indirect,"We consolidate shipments from multiple ASEAN countries in Singapore and then send them to Australia. Can we obtain a single certificate covering the whole consignment, or do we need separate origin do","I notice you've asked multiple complex questions at once. To provide you with accurate and thorough guidance, **I can only address one question at a time**. This ensures I can retrieve the most relevant information and give you the detailed assistance you need.

Please let me know which question you'd like me to prioritize:

1. **Back-to-back PCO under RCEP (Japan → Indonesia)** - Validity of original PCO when splitting shipment into two consignments over two months

2. **Wine re-export scenario",273098.52,130911.41,200,Success
2026-04-09T10:33:27.807684,load,Direct,Where do I get help with FTA and Certificate of Origin queries in Singapore?,,129320.37,129320.28,200,Error - Empty Response
2026-04-09T10:33:32.504400,load,Direct,I am exporting salmon with HS code 0303.11 from Norway to the US. What tariffs apply?,"I am unable to retrieve sufficient information regarding this subject matter. For further guidance, please click on the 'Email' button on the bottom right corner of the screen to arrange for a call or a one-to-one advisory session. Our specialists can offer tailored insights based on your product and trade needs, and help you address any related queries or challenges.",276575.49,276568.91,200,Success
2026-04-09T10:33:37.860017,load,Indirect,"We import wine (HS 2204) from Australia under the Singapore-Australia FTA and store it in a bonded warehouse. When we re-export to Japan, can we claim preference under RCEP or CPTPP, and what evidence","Thank you for your questions. I notice you've asked several different questions covering various trade topics:

1. **Steel forgings export (HS 8708.40.75.70) from China to the US** - tariff inquiry
2. **Government procurement documentation** - eligibility and certification sources
3. **Wine re-export (HS 2204)** - Australia to Singapore to Japan with FTA preference claims (asked twice)

To provide you with the most accurate and detailed information, could you please let me know which question yo",249040.63,249036.13,200,Success
2026-04-09T10:33:54.971332,load,Direct,I am exporting steel forgings of gear boxes with HS code 8708.40.75.70 from China to the US. What tariffs apply?,"Thank you for your questions. I notice you've asked several different questions covering various trade topics. To provide you with the most accurate and helpful information, could you please ask one question at a time? 

Which topic would you like me to address first:
1. The PCO verification process for Indonesian customs regarding your ATIGA PCO
2. Rules of origin for organic fertiliser (HS 3101) exported from Singapore to New Zealand under CPTPP
3. Tariffs for steel forgings of gear boxes (HS ",271505.21,271503.14,200,Success
2026-04-09T10:34:04.995706,load,Indirect,"Our goods qualify under both RCEP and ATIGA for export to Thailand. Which agreement should we use for the PCO, and does it affect how we complete the origin declaration?","I notice you've asked multiple questions at once. To provide you with the most accurate and thorough assistance, **I can only address one request at a time**. This ensures I can gather all the necessary information and give you a comprehensive answer.

Let me help you prioritize. You've asked about:

1. **Additional tariffs** for umbrella parts (HS 6603.90.41) from Brazil to the US
2. **Exporter self-certification** under UK-Singapore FTA for pharmaceutical products (HS 3004)
3. **Choosing betwe",279876.61,144010.34,200,Success
2026-04-09T10:34:30.427637,load,Indirect,"We plan to bring microprocessors (HS 8542.31) from Japan into Singapore for consolidation, then ship them to Indonesia. Can we claim preferential tariff treatment on the Indonesia leg?",,127478.83,127478.77,200,Error - Empty Response
2026-04-09T10:34:31.245615,load,Indirect,"We are considering moving some production from China to Singapore to benefit from FTAs. For electronics (HS 8517), what origin criteria apply under RCEP and CPTPP, and what percentage of value must be",,130405.55,130405.49,200,Error - Empty Response
2026-04-09T10:34:44.223427,load,Indirect,I import machinery parts from Japan to Singapore and would like to re-export to India. The HS code of the machinery parts are 8401.10. Am I eligible for any FTAs?,,131532.77,131532.63,200,Error - Empty Response
2026-04-09T10:34:56.652689,load,Indirect,I want to import semiconductor integrated circuits from South Korea to Singapore and intend to re-export them to Vietnam. The HS code is 8542.31. Am I eligible for any FTAs?,,132139.67,132139.59,200,Error - Empty Response
2026-04-09T10:34:56.818326,load,Indirect,"We consolidate shipments from multiple ASEAN countries in Singapore and then send them to Australia. Can we obtain a single certificate covering the whole consignment, or do we need separate origin do","I notice you've asked multiple questions at once. To provide you with the most accurate and thorough assistance, I can only address one request at a time. 

Let me help you prioritize:

1. **Tariff inquiry**: Exporting propulsion engines (HS 8408.10.00.05) from Germany to the US
2. **ACFTA preference**: Shipping goods directly from China to Indonesia with a Singapore invoice
3. **Consolidation & certification**: Consolidating shipments from multiple ASEAN countries in Singapore for export to Aus",271489.87,147231.73,200,Success
2026-04-09T10:34:56.824507,load,Indirect,"We have an existing PCO but the importer says the HS code on the certificate does not match their customs declaration. How do we correct or reissue the certificate, and will it affect the validity per","Thank you for your questions. I notice you've asked about several different scenarios:

1. PCO application for exporting HS code 3924.90.90 from Singapore to Vietnam under ATIGA
2. Proving substantial transformation for cocoa processed in Singapore and exported to Japan under RCEP
3. Correcting/reissuing a PCO due to HS code mismatch

I'd be happy to help you with each of these. Would you like me to address them one by one, or is there a specific question you'd like to focus on first?",269333.63,269328.25,200,Success
2026-04-09T10:34:59.338642,load,Indirect,I import machinery parts from Japan to Singapore and would like to re-export to India. The HS code of the machinery parts are 8401.10. Am I eligible for any FTAs?,,134940.41,134940.34,200,Error - Empty Response
2026-04-09T10:35:00.436560,load,Indirect,I want to import semiconductor integrated circuits from South Korea to Singapore and intend to re-export them to Vietnam. The HS code is 8542.31. Am I eligible for any FTAs?,"I notice you've asked several questions at once. To provide you with the most accurate and thorough assistance, **I can only address one question at a time**. 

Let me help you with these questions one by one. Could you please confirm which question you'd like me to prioritize first?

1. **PCO Certificate Issue**: Correcting/reissuing a certificate when HS code doesn't match customs declaration and validity period concerns

2. **China to Indonesia Shipment**: Shipping goods directly from China t",268787.36,144251.43,200,Success
2026-04-09T10:35:14.803889,load,Indirect,"Our goods qualify under both RCEP and ATIGA for export to Thailand. Which agreement should we use for the PCO, and does it affect how we complete the origin declaration?","I notice you've asked multiple complex questions at once. To provide you with the most accurate and thorough assistance, I can only address one request at a time. This ensures I can gather all the necessary information and give you a comprehensive answer.

Let me break down what you've asked about:

1. **Rules of Origin for machinery (HS 8479)** under EU-Singapore FTA and UK-Singapore FTA, including RVC calculation and documentation
2. **Back-to-back/cumulation scenario** for goods from South Ko",274318.49,136535.91,200,Success
2026-04-09T10:35:29.593178,load,Indirect,Can we ship goods directly from China to Indonesia with a Singapore invoice and still claim ACFTA preference?,"I notice you've asked multiple questions at once. To provide you with the most accurate and comprehensive guidance, I can only address one request at a time. 

Let me help you prioritize:

1. **UK-Singapore FTA**: Exporter self-certification for pharmaceutical products (HS 3004) - conditions and record-keeping requirements
2. **ATIGA**: Verification process for PCO requested by Indonesian customs - process, documents, and timeline
3. **ACFTA**: Direct shipment from China to Indonesia with Singap",267864.83,139242.85,200,Success
2026-04-09T10:35:38.235200,load,Direct,How do I calculate RVC for a plastic household item under ATIGA and document it for possible verification?,"I notice you've provided multiple questions at once. To ensure I provide you with accurate and comprehensive information, **I can only address one request at a time**. 

Looking at your questions, I can see:
1. Tariffs for salmon (HS 0303.11) from Norway to the US
2. Exporter self-certification under UK-Singapore FTA for pharmaceuticals (HS 3004)
3. RVC calculation for plastic household items under ATIGA (mentioned multiple times)

**Could you please confirm which question you'd like me to addre",268767.07,125967.4,200,Success
2026-04-09T10:35:40.072936,load,Indirect,"If our PCO application is rejected by Singapore Customs due to insufficient supporting documents, what can we do to rectify and reapply, and how long does the appeal or correction process take?","I appreciate your detailed questions about trade procedures and Certificate of Origin matters. However, I notice you've asked **multiple complex questions at once**. To provide you with the most accurate and comprehensive information, I can only address **one question at a time**.

Could you please let me know which of the following questions you'd like me to prioritize first?

1. **Direct shipment from China to Indonesia with Singapore invoice under ACFTA** - Can goods be shipped directly from ",261232.07,125220.46,200,Success
2026-04-09T10:35:44.694488,load,Indirect,"We import headphones (HS 8518.30.10) from China and sell to Vietnam. Can CPTPP preferences ever apply, and what proof would be required?","I notice you've asked multiple questions at once. To provide you with accurate and thorough assistance, I can only address one request at a time. This ensures I can give each query the detailed attention it deserves.

Let me help you prioritize:

1. **Tariffs for exporting fruits (HS 0811.10.00.50) from Thailand to the US**
2. **Consequences and corrective actions for incorrect HS code on Certificate of Origin**
3. **CPTPP preferences for headphones (HS 8518.30.10) from China to Vietnam and requ",265325.59,130014.91,200,Success
2026-04-09T10:36:13.873541,load,Indirect,"We import headphones (HS 8518.30.10) from China and sell to Vietnam. Can CPTPP preferences ever apply, and what proof would be required?","Thank you for your question about importing headphones (HS 8518.30.10) from China and selling to Vietnam under CPTPP.

To provide you with accurate guidance, I need to clarify: **Are the headphones simply imported from China and re-exported to Vietnam as-is, or do they undergo any processing, assembly, repacking, quality control, testing, or other transformation in Singapore before being exported to Vietnam?**

This distinction is important because:
- If the headphones are **processed, assembled",287779.52,287772.44,200,Success
2026-04-09T10:36:15.309604,load,Indirect,"For shipments from Singapore to Australia with goods sourced from Japan and Korea, what are the steps to claim AANZFTA or RCEP preferences?","I notice you've asked several questions at once. To provide you with the most accurate and thorough assistance, I can only address one question at a time. This ensures I can gather all the relevant information and give you a comprehensive answer.

Could you please let me know which of the following questions you'd like me to prioritize?

1. **PCO application rejection** - What to do if Singapore Customs rejects a PCO application due to insufficient documents, and the appeal/correction timeline

",261014.41,119213.62,200,Success
2026-04-09T10:36:20.391518,load,Indirect,"If our PCO application is rejected by Singapore Customs due to insufficient supporting documents, what can we do to rectify and reapply, and how long does the appeal or correction process take?","Thank you for your questions. I notice you've asked about several different scenarios:

1. Export of mattresses (HS 9404.21.00.10) from Singapore to the US
2. Microprocessors (HS 8542.31) from Japan consolidated in Singapore before shipping to Indonesia
3. General procedures for PCO application rejection and reapplication

To provide you with the most accurate and helpful information, could you please let me know which scenario you'd like to focus on first? Each involves different processes:
- T",288200.91,288186.01,200,Success
2026-04-09T10:36:22.191537,load,Direct,What documents do I need to apply for a Preferential Certificate of Origin under RCEP for export to China?,"I notice you've asked multiple questions at once. To provide you with the most accurate and comprehensive assistance, **I can only address one request at a time**. This ensures I can thoroughly research and deliver precise information tailored to your specific needs.

Let me help you organize your requests:

1. **HS code identification and market requirements** for exporting headphones to the Philippines
2. **FTA eligibility** for re-exporting machinery parts (HS 8401.10) from Japan → Singapore ",281333.9,142656.47,200,Success
