Timestamp,User Count,Type,Name,Requests/s,Failures/s,50%,66%,75%,80%,90%,95%,98%,99%,99.9%,99.99%,100%,Total Request Count,Total Failure Count,Total Median Response Time,Total Average Response Time,Total Min Response Time,Total Max Response Time,Total Average Content Size
1777885938,0,,Aggregated,0.000000,0.000000,N/A,N/A,N/A,N/A,N/A,N/A,N/A,N/A,N/A,N/A,N/A,0,0,0,0.0,0,0,0
1777885939,1,,Aggregated,0.000000,0.000000,120,120,120,120,120,120,120,120,120,120,120,2,0,27.39729998575058,75.20519998797681,27.39729998575058,123.01309999020305,172.0
1777885940,3,,Aggregated,0.000000,0.000000,97,97,120,120,120,120,120,120,120,120,120,4,0,30,69.30489999285783,27.39729998575058,123.01309999020305,172.0
1777885941,4,,Aggregated,0.000000,0.000000,54,54,97,97,120,120,120,120,120,120,120,6,0,30,59.31781666489163,24.8668000131147,123.01309999020305,172.0
1777885942,5,,Aggregated,2.000000,0.000000,54,69,97,97,120,120,120,120,120,120,120,8,0,30,56.2290124980791,24.8668000131147,123.01309999020305,172.0
1777885943,6,,Aggregated,2.000000,0.000000,54,56,69,97,120,120,120,120,120,120,120,10,0,30,52.53124999726424,19.39249999122694,123.01309999020305,172.0
1777885944,7,,Aggregated,2.000000,0.000000,54,56,94,94,97,120,120,120,120,120,120,12,0,30,53.28794166416628,19.39249999122694,123.01309999020305,172.0
1777885945,8,,Aggregated,2.000000,0.000000,54,65,69,94,97,120,120,120,120,120,120,14,0,30,51.53143571182487,17.267599992919713,123.01309999020305,172.0
1777885946,9,,Aggregated,2.000000,0.000000,48,56,69,69,97,120,120,120,120,120,120,16,0,30,49.245837497437606,17.267599992919713,123.01309999020305,172.0
1777885947,10,,Aggregated,2.000000,0.000000,48,56,65,69,97,120,120,120,120,120,120,18,0,30,48.20762777510228,17.267599992919713,123.01309999020305,172.0
1777885948,11,,Aggregated,2.000000,0.000000,48,58,66,69,97,120,120,120,120,120,120,20,0,30,47.72263999766437,17.267599992919713,123.01309999020305,172.0
1777885949,12,,Aggregated,2.000000,0.000000,30,58,66,69,94,97,120,120,120,120,120,23,0,30,47.194282606537655,17.267599992919713,123.01309999020305,164.52173913043478
1777885950,13,,Aggregated,2.000000,0.000000,30,56,65,69,94,97,120,120,120,120,120,25,0,30,45.895855997805484,17.267599992919713,123.01309999020305,165.12
1777885951,14,,Aggregated,2.000000,0.000000,30,54,65,66,94,97,120,120,120,120,120,27,0,30,44.69914444187587,17.267599992919713,123.01309999020305,165.62962962962962
1777885952,15,,Aggregated,2.000000,0.000000,30,54,58,66,94,97,120,120,120,120,120,29,0,30,43.52314137715188,17.267599992919713,123.01309999020305,166.06896551724137
1777885953,16,,Aggregated,2.100000,0.000000,30,48,58,65,83,97,120,120,120,120,120,31,0,30,42.904825804608635,17.267599992919713,123.01309999020305,166.4516129032258
1777885954,17,,Aggregated,2.100000,0.000000,30,48,58,66,88,97,120,120,120,120,120,33,0,30,43.65782424054377,17.267599992919713,123.01309999020305,166.78787878787878
1777885955,18,,Aggregated,2.100000,0.000000,30,48,58,66,88,97,120,120,120,120,120,35,0,30,42.775859998489196,17.267599992919713,123.01309999020305,167.0857142857143
1777885956,19,,Aggregated,2.100000,0.000000,30,48,56,65,88,97,120,120,120,120,120,37,0,30,42.53442162007559,17.267599992919713,123.01309999020305,167.35135135135135
1777885957,20,,Aggregated,2.100000,0.000000,30,44,56,65,88,97,120,120,120,120,120,39,0,30,41.9017564085945,17.267599992919713,123.01309999020305,167.5897435897436
1777885958,21,,Aggregated,2.100000,0.000000,30,44,55,58,83,94,120,120,120,120,120,41,0,30,41.45178292550022,17.267599992919713,123.01309999020305,167.8048780487805
1777885959,22,,Aggregated,2.100000,0.000000,30,44,56,65,83,94,120,120,120,120,120,43,0,30,41.66443255692071,17.267599992919713,123.01309999020305,168.0
1777885960,23,,Aggregated,2.100000,0.000000,30,42,55,65,83,94,120,120,120,120,120,45,0,30,41.048982221400365,17.267599992919713,123.01309999020305,168.17777777777778
1777885961,24,,Aggregated,2.100000,0.000000,30,42,55,58,83,94,120,120,120,120,120,47,0,30,40.64642765901071,17.267599992919713,123.01309999020305,168.3404255319149
1777885962,25,,Aggregated,2.100000,0.000000,30,42,54,58,83,94,120,120,120,120,120,49,0,30,40.317614285135164,17.267599992919713,123.01309999020305,168.48979591836735
1777885963,26,,Aggregated,2.000000,0.000000,30,41,54,56,69,94,97,120,120,120,120,51,0,30,39.79929607771292,17.267599992919713,123.01309999020305,168.62745098039215
1777885964,27,,Aggregated,2.000000,0.000000,30,41,54,58,76,94,97,120,120,120,120,53,0,30,40.11455471660362,17.267599992919713,123.01309999020305,168.75471698113208
1777885965,28,,Aggregated,2.000000,0.000000,30,41,54,58,76,94,97,120,120,120,120,55,0,30,39.75959818132899,17.267599992919713,123.01309999020305,168.87272727272727
1777885966,29,,Aggregated,2.000000,0.000000,30,41,48,56,76,94,97,120,120,120,120,57,0,30,39.37484035033553,17.267599992919713,123.01309999020305,168.98245614035088
1777885967,30,,Aggregated,2.000000,0.000000,30,41,54,58,82,94,97,120,120,120,120,59,0,30,39.748527118255446,17.267599992919713,123.01309999020305,169.08474576271186
1777885968,31,,Aggregated,2.000000,0.000000,30,41,48,56,76,88,97,120,120,120,120,61,0,30,39.445567212914895,17.267599992919713,123.01309999020305,169.18032786885246
1777885969,32,,Aggregated,2.000000,0.000000,30,41,54,58,76,88,97,120,120,120,120,63,0,30,39.62146984122228,17.267599992919713,123.01309999020305,169.26984126984127
1777885970,33,,Aggregated,2.000000,0.000000,30,41,48,58,76,88,97,120,120,120,120,65,0,30,39.34493230749817,17.267599992919713,123.01309999020305,169.35384615384615
1777885971,34,,Aggregated,2.000000,0.000000,30,41,48,56,76,88,97,120,120,120,120,67,0,30,39.102686566705536,17.267599992919713,123.01309999020305,169.43283582089552
1777885972,35,,Aggregated,2.000000,0.000000,30,41,48,56,76,88,97,120,120,120,120,69,0,30,39.087126086562186,17.267599992919713,123.01309999020305,169.5072463768116
1777885973,36,,Aggregated,2.000000,0.000000,30,41,48,56,69,88,97,120,120,120,120,71,0,30,38.93522676006681,17.267599992919713,123.01309999020305,169.57746478873239
1777885974,37,,Aggregated,2.000000,0.000000,30,41,48,56,69,88,97,120,120,120,120,73,0,30,38.91278493093735,17.267599992919713,123.01309999020305,169.64383561643837
1777885975,38,,Aggregated,2.000000,0.000000,30,41,48,56,69,88,97,120,120,120,120,75,0,30,38.72049333256049,17.267599992919713,123.01309999020305,169.70666666666668
1777885976,39,,Aggregated,2.000000,0.000000,30,41,47,56,69,88,97,120,120,120,120,77,0,30,38.5043558435191,17.267599992919713,123.01309999020305,169.76623376623377
1777885977,40,,Aggregated,2.000000,0.000000,30,41,47,56,69,88,97,120,120,120,120,79,0,30,38.249872151292166,17.267599992919713,123.01309999020305,169.8227848101266
1777885978,41,,Aggregated,2.000000,0.000000,30,41,44,55,69,83,97,120,120,120,120,81,0,30,38.06023333289224,17.267599992919713,123.01309999020305,169.87654320987653
1777885979,42,,Aggregated,2.000000,0.000000,30,41,47,56,69,88,97,120,120,120,120,83,0,30,38.48229759005992,17.267599992919713,123.01309999020305,169.9277108433735
1777885980,43,,Aggregated,2.000000,0.000000,30,41,44,56,69,88,97,120,120,120,120,85,0,30,38.24009294108049,16.73260000825394,123.01309999020305,169.9764705882353
1777885981,44,,Aggregated,2.000000,0.000000,33,41,48,56,76,91,120,480,480,480,480,87,0,33,43.480045976881314,16.73260000825394,478.94699999596924,170.02298850574712
1777885982,45,,Aggregated,2.000000,0.000000,35,41,53,56,78,91,120,480,480,480,480,89,0,35,43.97646741571397,16.73260000825394,478.94699999596924,170.06741573033707
1777885983,46,,Aggregated,2.000000,0.000000,35,42,53,56,76,91,120,480,480,480,480,91,0,35,44.067002197722445,16.73260000825394,478.94699999596924,170.1098901098901
1777885984,47,,Aggregated,1.800000,0.000000,35,42,53,56,76,91,120,480,480,480,480,93,0,35,44.09011505354541,16.73260000825394,478.94699999596924,170.1505376344086
1777885985,48,,Aggregated,2.000000,0.000000,35,42,53,56,76,91,120,480,480,480,480,95,0,35,43.853857894550615,16.73260000825394,478.94699999596924,170.18947368421053
1777885986,49,,Aggregated,2.000000,0.000000,35,42,53,56,76,91,120,480,480,480,480,97,0,35,43.550977319420184,16.73260000825394,478.94699999596924,170.22680412371133
1777885987,50,,Aggregated,2.000000,0.000000,35,42,53,56,76,91,120,480,480,480,480,99,0,35,43.40931111088286,16.73260000825394,478.94699999596924,170.26262626262627
1777885988,50,,Aggregated,2.000000,0.000000,35,42,53,56,71,88,97,120,480,480,480,101,0,35,43.27268316813901,16.73260000825394,478.94699999596924,170.2970297029703
1777885989,50,,Aggregated,2.000000,0.000000,35,42,53,56,71,88,97,120,480,480,480,101,0,35,43.27268316813901,16.73260000825394,478.94699999596924,170.2970297029703
1777885990,50,,Aggregated,2.000000,0.000000,35,42,53,56,71,88,97,120,480,480,480,101,0,35,43.27268316813901,16.73260000825394,478.94699999596924,170.2970297029703
1777885991,50,,Aggregated,2.000000,0.000000,35,42,53,56,71,88,97,120,480,480,480,101,0,35,43.27268316813901,16.73260000825394,478.94699999596924,170.2970297029703
1777885992,50,,Aggregated,2.000000,0.000000,35,42,53,56,71,88,97,120,480,480,480,101,0,35,43.27268316813901,16.73260000825394,478.94699999596924,170.2970297029703
1777885993,50,,Aggregated,2.000000,0.000000,35,42,53,56,71,88,97,120,480,480,480,101,0,35,43.27268316813901,16.73260000825394,478.94699999596924,170.2970297029703
1777885994,50,,Aggregated,2.000000,0.000000,35,42,53,56,71,88,97,120,480,480,480,101,0,35,43.27268316813901,16.73260000825394,478.94699999596924,170.2970297029703
1777885995,50,,Aggregated,2.000000,0.000000,35,42,53,56,71,88,97,120,480,480,480,101,0,35,43.27268316813901,16.73260000825394,478.94699999596924,170.2970297029703
1777885996,50,,Aggregated,2.000000,0.000000,35,42,53,56,71,88,97,120,480,480,480,101,0,35,43.27268316813901,16.73260000825394,478.94699999596924,170.2970297029703
1777885997,50,,Aggregated,2.000000,0.000000,35,42,53,56,71,88,97,120,480,480,480,101,0,35,43.27268316813901,16.73260000825394,478.94699999596924,170.2970297029703
1777885998,50,,Aggregated,2.000000,0.000000,35,42,53,56,71,88,97,120,480,480,480,101,0,35,43.27268316813901,16.73260000825394,478.94699999596924,170.2970297029703
1777885999,50,,Aggregated,2.000000,0.000000,35,42,53,56,71,88,97,120,480,480,480,101,0,35,43.27268316813901,16.73260000825394,478.94699999596924,170.2970297029703
1777886000,50,,Aggregated,0.000000,0.000000,35,42,53,56,71,88,97,120,480,480,480,102,0,34,43.018981372263035,16.73260000825394,478.94699999596924,168.62745098039215
1777886001,50,,Aggregated,0.000000,0.000000,35,42,53,56,71,88,97,120,480,480,480,102,0,34,43.018981372263035,16.73260000825394,478.94699999596924,168.62745098039215
1777886002,50,,Aggregated,0.000000,0.000000,35,42,53,56,71,88,97,120,480,480,480,102,0,34,43.018981372263035,16.73260000825394,478.94699999596924,168.62745098039215
1777886003,50,,Aggregated,0.000000,0.000000,35,42,53,56,71,88,97,120,480,480,480,102,0,34,43.018981372263035,16.73260000825394,478.94699999596924,168.62745098039215
1777886004,50,,Aggregated,0.000000,0.000000,35,42,53,56,71,88,97,120,480,480,480,102,0,34,43.018981372263035,16.73260000825394,478.94699999596924,168.62745098039215
1777886005,50,,Aggregated,0.100000,0.000000,34,41,53,56,71,88,97,120,480,480,480,103,0,34,42.77971747542677,16.73260000825394,478.94699999596924,166.9902912621359
1777886006,50,,Aggregated,0.100000,0.000000,34,41,53,56,71,88,97,120,480,480,480,103,0,34,42.77971747542677,16.73260000825394,478.94699999596924,166.9902912621359
1777886007,50,,Aggregated,0.100000,0.000000,34,41,53,56,71,88,97,120,480,480,480,103,0,34,42.77971747542677,16.73260000825394,478.94699999596924,166.9902912621359
1777886008,50,,Aggregated,0.100000,0.000000,34,41,53,56,71,88,97,120,480,480,480,103,0,34,42.77971747542677,16.73260000825394,478.94699999596924,166.9902912621359
1777886009,50,,Aggregated,0.100000,0.000000,34,41,53,56,71,88,97,120,480,480,480,103,0,34,42.77971747542677,16.73260000825394,478.94699999596924,166.9902912621359
1777886011,50,,Aggregated,0.100000,0.000000,34,41,53,56,71,88,97,120,480,480,480,103,0,34,42.77971747542677,16.73260000825394,478.94699999596924,166.9902912621359
1777886012,50,,Aggregated,0.100000,0.000000,34,41,53,56,71,88,97,120,480,480,480,103,0,34,42.77971747542677,16.73260000825394,478.94699999596924,166.9902912621359
1777886013,50,,Aggregated,0.100000,0.000000,34,41,53,56,71,88,97,120,480,480,480,103,0,34,42.77971747542677,16.73260000825394,478.94699999596924,166.9902912621359
1777886014,50,,Aggregated,0.100000,0.000000,34,41,53,56,71,88,97,120,480,480,480,103,0,34,42.77971747542677,16.73260000825394,478.94699999596924,166.9902912621359
1777886015,50,,Aggregated,0.100000,0.000000,34,41,53,56,71,88,97,120,480,480,480,103,0,34,42.77971747542677,16.73260000825394,478.94699999596924,166.9902912621359
1777886016,50,,Aggregated,0.100000,0.000000,34,41,53,56,71,88,97,120,480,480,480,103,0,34,42.77971747542677,16.73260000825394,478.94699999596924,166.9902912621359
1777886017,50,,Aggregated,0.100000,0.000000,34,41,53,56,71,88,97,120,480,480,480,103,0,34,42.77971747542677,16.73260000825394,478.94699999596924,166.9902912621359
1777886018,50,,Aggregated,0.100000,0.000000,34,41,53,56,71,88,97,120,480,480,480,103,0,34,42.77971747542677,16.73260000825394,478.94699999596924,166.9902912621359
1777886019,50,,Aggregated,0.100000,0.000000,34,41,53,56,71,88,97,120,480,480,480,103,0,34,42.77971747542677,16.73260000825394,478.94699999596924,166.9902912621359
1777886020,50,,Aggregated,0.100000,0.000000,34,41,53,56,71,88,97,120,480,480,480,103,0,34,42.77971747542677,16.73260000825394,478.94699999596924,166.9902912621359
1777886021,50,,Aggregated,0.100000,0.000000,34,41,53,56,71,88,97,120,480,480,480,103,0,34,42.77971747542677,16.73260000825394,478.94699999596924,166.9902912621359
1777886022,50,,Aggregated,0.100000,0.000000,34,41,53,56,71,88,97,120,480,480,480,103,0,34,42.77971747542677,16.73260000825394,478.94699999596924,166.9902912621359
1777886023,50,,Aggregated,0.100000,0.000000,34,41,53,56,71,88,97,120,480,480,480,103,0,34,42.77971747542677,16.73260000825394,478.94699999596924,166.9902912621359
1777886024,50,,Aggregated,0.100000,0.000000,34,41,53,56,71,88,97,120,480,480,480,103,0,34,42.77971747542677,16.73260000825394,478.94699999596924,166.9902912621359
1777886025,50,,Aggregated,0.100000,0.000000,34,41,53,56,71,88,97,120,480,480,480,103,0,34,42.77971747542677,16.73260000825394,478.94699999596924,166.9902912621359
1777886026,50,,Aggregated,0.100000,0.000000,34,41,53,56,71,88,97,120,480,480,480,103,0,34,42.77971747542677,16.73260000825394,478.94699999596924,166.9902912621359
1777886027,50,,Aggregated,0.100000,0.000000,34,41,53,56,71,88,97,120,480,480,480,103,0,34,42.77971747542677,16.73260000825394,478.94699999596924,166.9902912621359
1777886028,50,,Aggregated,0.100000,0.000000,34,41,53,56,71,88,97,120,480,480,480,103,0,34,42.77971747542677,16.73260000825394,478.94699999596924,166.9902912621359
1777886029,50,,Aggregated,0.100000,0.000000,34,41,53,56,71,88,97,120,480,480,480,103,0,34,42.77971747542677,16.73260000825394,478.94699999596924,166.9902912621359
1777886030,50,,Aggregated,0.100000,0.000000,34,41,53,56,71,88,97,120,480,480,480,103,0,34,42.77971747542677,16.73260000825394,478.94699999596924,166.9902912621359
1777886031,50,,Aggregated,0.100000,0.000000,34,41,53,56,71,88,97,120,480,480,480,103,0,34,42.77971747542677,16.73260000825394,478.94699999596924,166.9902912621359
1777886032,50,,Aggregated,0.100000,0.000000,34,41,53,56,71,88,97,120,480,480,480,103,0,34,42.77971747542677,16.73260000825394,478.94699999596924,166.9902912621359
1777886033,50,,Aggregated,0.100000,0.000000,34,41,53,56,71,88,97,120,480,480,480,103,0,34,42.77971747542677,16.73260000825394,478.94699999596924,166.9902912621359
1777886034,50,,Aggregated,0.100000,0.000000,34,41,53,56,71,88,97,120,480,480,480,103,0,34,42.77971747542677,16.73260000825394,478.94699999596924,166.9902912621359
1777886035,50,,Aggregated,0.100000,0.000000,34,41,53,56,71,88,97,120,480,480,480,103,0,34,42.77971747542677,16.73260000825394,478.94699999596924,166.9902912621359
1777886036,50,,Aggregated,0.100000,0.000000,34,41,53,56,71,88,97,120,480,480,480,103,0,34,42.77971747542677,16.73260000825394,478.94699999596924,166.9902912621359
1777886037,50,,Aggregated,0.100000,0.000000,34,41,53,56,71,88,97,120,480,480,480,103,0,34,42.77971747542677,16.73260000825394,478.94699999596924,166.9902912621359
1777886038,50,,Aggregated,0.100000,0.000000,34,41,53,56,71,88,97,120,480,480,480,103,0,34,42.77971747542677,16.73260000825394,478.94699999596924,166.9902912621359
1777886039,50,,Aggregated,0.000000,0.000000,34,41,53,56,71,88,97,120,480,480,480,104,0,33,42.51337115350067,15.079699995112605,478.94699999596924,165.3846153846154
1777886040,50,,Aggregated,0.000000,0.000000,34,41,53,56,71,88,97,120,480,480,480,104,0,33,42.51337115350067,15.079699995112605,478.94699999596924,165.3846153846154
1777886041,50,,Aggregated,0.000000,0.000000,34,41,53,56,71,88,97,120,480,480,480,104,0,33,42.51337115350067,15.079699995112605,478.94699999596924,165.3846153846154
1777886042,50,,Aggregated,0.000000,0.000000,34,41,53,56,71,88,97,120,480,480,480,104,0,33,42.51337115350067,15.079699995112605,478.94699999596924,165.3846153846154
1777886043,50,,Aggregated,0.000000,0.000000,34,41,53,56,71,88,97,120,480,480,480,104,0,33,42.51337115350067,15.079699995112605,478.94699999596924,165.3846153846154
1777886044,50,,Aggregated,0.000000,0.000000,34,41,53,56,71,88,97,120,480,480,480,104,0,33,42.51337115350067,15.079699995112605,478.94699999596924,165.3846153846154
1777886045,50,,Aggregated,0.100000,0.000000,33,41,52,56,71,88,97,120,480,480,480,105,0,33,42.279122856728335,15.079699995112605,478.94699999596924,163.8095238095238
1777886046,50,,Aggregated,0.100000,0.000000,33,41,52,56,71,88,97,120,480,480,480,105,0,33,42.279122856728335,15.079699995112605,478.94699999596924,163.8095238095238
1777886047,50,,Aggregated,0.100000,0.000000,33,41,52,56,71,88,97,120,480,480,480,105,0,33,42.279122856728335,15.079699995112605,478.94699999596924,163.8095238095238
1777886048,50,,Aggregated,0.100000,0.000000,33,41,52,56,71,88,97,120,480,480,480,105,0,33,42.279122856728335,15.079699995112605,478.94699999596924,163.8095238095238
1777886049,50,,Aggregated,0.100000,0.000000,33,41,52,56,71,88,97,120,480,480,480,105,0,33,42.279122856728335,15.079699995112605,478.94699999596924,163.8095238095238
1777886050,50,,Aggregated,0.100000,0.000000,33,41,52,56,71,88,97,120,480,480,480,105,0,33,42.279122856728335,15.079699995112605,478.94699999596924,163.8095238095238
1777886051,50,,Aggregated,0.100000,0.000000,33,41,52,56,71,88,97,120,480,480,480,105,0,33,42.279122856728335,15.079699995112605,478.94699999596924,163.8095238095238
1777886052,50,,Aggregated,0.100000,0.000000,33,41,52,56,71,88,97,120,480,480,480,105,0,33,42.279122856728335,15.079699995112605,478.94699999596924,163.8095238095238
1777886053,50,,Aggregated,0.100000,0.000000,33,41,52,56,71,88,97,120,480,480,480,105,0,33,42.279122856728335,15.079699995112605,478.94699999596924,163.8095238095238
1777886054,50,,Aggregated,0.100000,0.000000,33,41,52,56,71,88,97,120,480,480,480,105,0,33,42.279122856728335,15.079699995112605,478.94699999596924,163.8095238095238
1777886055,50,,Aggregated,0.100000,0.000000,33,41,52,55,71,88,97,120,480,480,480,106,0,30,42.03685471663945,15.079699995112605,478.94699999596924,162.26415094339623
1777886056,50,,Aggregated,0.100000,0.000000,33,41,52,55,71,88,97,120,480,480,480,106,0,30,42.03685471663945,15.079699995112605,478.94699999596924,162.26415094339623
1777886057,50,,Aggregated,0.100000,0.000000,33,41,52,55,71,88,97,120,480,480,480,106,0,30,42.03685471663945,15.079699995112605,478.94699999596924,162.26415094339623
1777886058,50,,Aggregated,0.100000,0.000000,33,41,52,55,71,88,97,120,480,480,480,106,0,30,42.03685471663945,15.079699995112605,478.94699999596924,162.26415094339623
1777886059,50,,Aggregated,0.100000,0.000000,33,41,52,55,71,88,97,120,480,480,480,106,0,30,42.03685471663945,15.079699995112605,478.94699999596924,162.26415094339623
1777886060,50,,Aggregated,0.100000,0.000000,33,41,52,55,71,88,97,120,480,480,480,106,0,30,42.03685471663945,15.079699995112605,478.94699999596924,162.26415094339623
1777886061,50,,Aggregated,0.100000,0.000000,33,41,52,55,71,88,97,120,480,480,480,106,0,30,42.03685471663945,15.079699995112605,478.94699999596924,162.26415094339623
1777886062,50,,Aggregated,0.100000,0.000000,33,41,52,55,71,88,97,120,480,480,480,106,0,30,42.03685471663945,15.079699995112605,478.94699999596924,162.26415094339623
1777886063,50,,Aggregated,0.100000,0.000000,33,41,52,55,71,88,97,120,480,480,480,106,0,30,42.03685471663945,15.079699995112605,478.94699999596924,162.26415094339623
1777886064,50,,Aggregated,0.100000,0.000000,33,41,52,55,71,88,97,120,480,480,480,106,0,30,42.03685471663945,15.079699995112605,478.94699999596924,162.26415094339623
1777886065,50,,Aggregated,0.100000,0.000000,30,41,52,55,71,88,97,120,480,480,480,107,0,30,41.84485607436166,15.079699995112605,478.94699999596924,160.74766355140187
1777886066,50,,Aggregated,0.100000,0.000000,30,41,52,55,71,88,97,120,480,480,480,107,0,30,41.84485607436166,15.079699995112605,478.94699999596924,160.74766355140187
1777886067,50,,Aggregated,0.100000,0.000000,30,41,52,55,71,88,97,120,480,480,480,107,0,30,41.84485607436166,15.079699995112605,478.94699999596924,160.74766355140187
1777886068,50,,Aggregated,0.100000,0.000000,30,41,52,55,71,88,97,120,480,480,480,107,0,30,41.84485607436166,15.079699995112605,478.94699999596924,160.74766355140187
1777886069,50,,Aggregated,0.100000,0.000000,30,41,52,55,71,88,97,120,480,480,480,108,1,27,41.60740092562197,15.079699995112605,478.94699999596924,159.25925925925927
1777886070,50,,Aggregated,0.100000,0.000000,30,41,52,55,71,88,97,120,480,480,480,108,1,27,41.60740092562197,15.079699995112605,478.94699999596924,159.25925925925927
1777886071,50,,Aggregated,0.100000,0.000000,30,41,52,55,71,88,97,120,480,480,480,108,1,27,41.60740092562197,15.079699995112605,478.94699999596924,159.25925925925927
1777886072,50,,Aggregated,0.100000,0.000000,30,41,52,55,71,88,97,120,480,480,480,108,1,27,41.60740092562197,15.079699995112605,478.94699999596924,159.25925925925927
1777886073,50,,Aggregated,0.100000,0.000000,30,41,52,55,71,88,97,120,480,480,480,108,1,27,41.60740092562197,15.079699995112605,478.94699999596924,159.25925925925927
1777886074,50,,Aggregated,0.100000,0.000000,30,41,52,55,71,88,97,120,480,480,480,108,1,27,41.60740092562197,15.079699995112605,478.94699999596924,159.25925925925927
1777886075,50,,Aggregated,0.100000,0.000000,30,41,52,55,71,88,97,120,480,480,480,108,1,27,41.60740092562197,15.079699995112605,478.94699999596924,159.25925925925927
1777886076,50,,Aggregated,0.100000,0.000000,30,41,52,55,71,88,97,120,480,480,480,108,1,27,41.60740092562197,15.079699995112605,478.94699999596924,159.25925925925927
1777886077,50,,Aggregated,0.100000,0.000000,30,41,52,55,71,88,97,120,480,480,480,108,1,27,41.60740092562197,15.079699995112605,478.94699999596924,159.25925925925927
1777886078,50,,Aggregated,0.100000,0.000000,30,41,52,55,71,88,97,120,480,480,480,108,1,27,41.60740092562197,15.079699995112605,478.94699999596924,159.25925925925927
1777886079,50,,Aggregated,0.100000,0.000000,30,41,52,55,71,88,97,120,480,480,480,108,1,27,41.60740092562197,15.079699995112605,478.94699999596924,159.25925925925927
1777886080,50,,Aggregated,0.100000,0.000000,30,41,52,55,71,88,97,120,480,480,480,108,1,27,41.60740092562197,15.079699995112605,478.94699999596924,159.25925925925927
1777886081,50,,Aggregated,0.100000,0.000000,30,41,52,55,71,88,97,120,480,480,480,108,1,27,41.60740092562197,15.079699995112605,478.94699999596924,159.25925925925927
1777886082,50,,Aggregated,0.000000,0.000000,27,41,48,55,71,88,97,120,480,480,480,109,1,27,41.415303669455504,15.079699995112605,478.94699999596924,157.7981651376147
1777886083,50,,Aggregated,0.000000,0.000000,27,41,48,55,71,88,97,120,480,480,480,109,1,27,41.415303669455504,15.079699995112605,478.94699999596924,157.7981651376147
1777886084,50,,Aggregated,0.000000,0.000000,27,41,48,55,71,88,97,120,480,480,480,109,1,27,41.415303669455504,15.079699995112605,478.94699999596924,157.7981651376147
1777886085,50,,Aggregated,0.000000,0.000000,27,41,48,55,71,88,97,120,480,480,480,109,1,27,41.415303669455504,15.079699995112605,478.94699999596924,157.7981651376147
1777886086,50,,Aggregated,0.000000,0.000000,27,41,48,55,71,88,97,120,480,480,480,109,1,27,41.415303669455504,15.079699995112605,478.94699999596924,157.7981651376147
1777886087,50,,Aggregated,0.000000,0.000000,27,41,48,55,71,88,97,120,480,480,480,109,1,27,41.415303669455504,15.079699995112605,478.94699999596924,157.7981651376147
1777886088,50,,Aggregated,0.000000,0.000000,27,41,48,55,71,88,97,120,480,480,480,109,1,27,41.415303669455504,15.079699995112605,478.94699999596924,157.7981651376147
1777886089,50,,Aggregated,0.000000,0.000000,27,41,48,55,71,88,97,120,480,480,480,109,1,27,41.415303669455504,15.079699995112605,478.94699999596924,157.7981651376147
1777886090,50,,Aggregated,0.000000,0.000000,27,41,48,55,71,88,97,120,480,480,480,109,1,27,41.415303669455504,15.079699995112605,478.94699999596924,157.7981651376147
1777886091,50,,Aggregated,0.000000,0.000000,27,41,48,55,71,88,97,120,480,480,480,109,1,27,41.415303669455504,15.079699995112605,478.94699999596924,157.7981651376147
1777886092,50,,Aggregated,0.000000,0.000000,27,41,48,55,71,88,97,120,480,480,480,109,1,27,41.415303669455504,15.079699995112605,478.94699999596924,157.7981651376147
1777886093,50,,Aggregated,0.000000,0.000000,27,41,48,55,71,88,97,120,480,480,480,109,1,27,41.415303669455504,15.079699995112605,478.94699999596924,157.7981651376147
1777886094,50,,Aggregated,0.000000,0.000000,27,41,48,55,71,88,97,120,480,480,480,109,1,27,41.415303669455504,15.079699995112605,478.94699999596924,157.7981651376147
1777886095,50,,Aggregated,0.000000,0.000000,27,41,48,55,71,88,97,120,480,480,480,110,1,26,41.233114545254715,15.079699995112605,478.94699999596924,156.36363636363637
1777886096,50,,Aggregated,0.000000,0.000000,27,41,48,55,71,88,97,120,480,480,480,110,1,26,41.233114545254715,15.079699995112605,478.94699999596924,156.36363636363637
1777886097,50,,Aggregated,0.000000,0.000000,27,41,48,55,71,88,97,120,480,480,480,110,1,26,41.233114545254715,15.079699995112605,478.94699999596924,156.36363636363637
1777886098,50,,Aggregated,0.000000,0.000000,27,41,48,55,71,88,97,120,480,480,480,110,1,26,41.233114545254715,15.079699995112605,478.94699999596924,156.36363636363637
1777886099,50,,Aggregated,0.000000,0.000000,27,41,48,55,71,88,97,120,480,480,480,110,1,26,41.233114545254715,15.079699995112605,478.94699999596924,156.36363636363637
1777886100,50,,Aggregated,0.000000,0.000000,27,41,48,55,71,88,97,120,480,480,480,110,1,26,41.233114545254715,15.079699995112605,478.94699999596924,156.36363636363637
1777886101,50,,Aggregated,0.000000,0.000000,27,41,48,55,71,88,97,120,480,480,480,110,1,26,41.233114545254715,15.079699995112605,478.94699999596924,156.36363636363637
1777886102,50,,Aggregated,0.000000,0.000000,27,41,48,55,71,88,97,120,480,480,480,110,1,26,41.233114545254715,15.079699995112605,478.94699999596924,156.36363636363637
1777886103,50,,Aggregated,0.000000,0.000000,27,41,48,55,71,88,97,120,480,480,480,110,1,26,41.233114545254715,15.079699995112605,478.94699999596924,156.36363636363637
1777886104,50,,Aggregated,0.000000,0.000000,27,41,48,55,71,88,97,120,480,480,480,110,1,26,41.233114545254715,15.079699995112605,478.94699999596924,156.36363636363637
1777886105,50,,Aggregated,0.000000,0.000000,27,41,48,55,71,88,97,120,480,480,480,110,1,26,41.233114545254715,15.079699995112605,478.94699999596924,156.36363636363637
1777886106,50,,Aggregated,0.000000,0.000000,27,41,48,55,71,88,97,120,480,480,480,110,1,26,41.233114545254715,15.079699995112605,478.94699999596924,156.36363636363637
1777886107,50,,Aggregated,0.000000,0.000000,27,41,48,55,71,88,97,120,480,480,480,110,1,26,41.233114545254715,15.079699995112605,478.94699999596924,156.36363636363637
1777886108,50,,Aggregated,0.000000,0.000000,27,41,48,55,71,88,97,120,480,480,480,110,1,26,41.233114545254715,15.079699995112605,478.94699999596924,156.36363636363637
1777886109,50,,Aggregated,0.000000,0.000000,27,41,48,55,71,88,97,120,480,480,480,110,1,26,41.233114545254715,15.079699995112605,478.94699999596924,156.36363636363637
1777886110,50,,Aggregated,0.000000,0.000000,27,41,48,55,71,88,97,120,480,480,480,110,1,26,41.233114545254715,15.079699995112605,478.94699999596924,156.36363636363637
1777886111,50,,Aggregated,0.000000,0.000000,26,41,48,54,69,88,97,120,480,480,480,112,1,26,40.83285089265181,15.079699995112605,478.94699999596924,153.57142857142858
1777886112,50,,Aggregated,0.000000,0.000000,26,41,48,54,69,88,97,120,480,480,480,112,1,26,40.83285089265181,15.079699995112605,478.94699999596924,153.57142857142858
1777886113,50,,Aggregated,0.000000,0.000000,26,41,48,54,69,88,97,120,480,480,480,112,1,26,40.83285089265181,15.079699995112605,478.94699999596924,153.57142857142858
1777886115,50,,Aggregated,0.000000,0.000000,26,41,48,54,69,88,97,120,480,480,480,112,1,26,40.83285089265181,15.079699995112605,478.94699999596924,153.57142857142858
1777886116,50,,Aggregated,0.000000,0.000000,26,41,48,54,69,88,97,120,480,480,480,112,1,26,40.83285089265181,15.079699995112605,478.94699999596924,153.57142857142858
1777886117,50,,Aggregated,0.000000,0.000000,26,41,48,54,69,88,97,120,480,480,480,112,1,26,40.83285089265181,15.079699995112605,478.94699999596924,153.57142857142858
1777886118,50,,Aggregated,0.000000,0.000000,26,41,48,54,69,88,97,120,480,480,480,112,1,26,40.83285089265181,15.079699995112605,478.94699999596924,153.57142857142858
1777886119,50,,Aggregated,0.000000,0.000000,26,41,48,54,69,88,97,120,480,480,480,112,1,26,40.83285089265181,15.079699995112605,478.94699999596924,153.57142857142858
1777886120,50,,Aggregated,0.200000,0.000000,26,41,47,54,69,88,97,120,480,480,480,114,1,25,40.45961666640339,15.079699995112605,478.94699999596924,150.87719298245614
1777886121,50,,Aggregated,0.200000,0.000000,26,41,47,54,69,88,97,120,480,480,480,114,1,25,40.45961666640339,15.079699995112605,478.94699999596924,150.87719298245614
1777886122,50,,Aggregated,0.200000,0.000000,26,41,47,54,69,88,97,120,480,480,480,114,1,25,40.45961666640339,15.079699995112605,478.94699999596924,150.87719298245614
1777886123,50,,Aggregated,0.200000,0.000000,26,41,47,54,69,88,97,120,480,480,480,114,1,25,40.45961666640339,15.079699995112605,478.94699999596924,150.87719298245614
1777886124,50,,Aggregated,0.200000,0.000000,26,41,47,54,69,88,97,120,480,480,480,114,1,25,40.45961666640339,15.079699995112605,478.94699999596924,150.87719298245614
1777886125,50,,Aggregated,0.200000,0.000000,26,41,47,54,69,88,97,120,480,480,480,114,1,25,40.45961666640339,15.079699995112605,478.94699999596924,150.87719298245614
1777886126,50,,Aggregated,0.200000,0.000000,26,41,47,54,69,88,97,120,480,480,480,114,1,25,40.45961666640339,15.079699995112605,478.94699999596924,150.87719298245614
1777886127,50,,Aggregated,0.200000,0.000000,26,41,47,54,69,88,97,120,480,480,480,114,1,25,40.45961666640339,15.079699995112605,478.94699999596924,150.87719298245614
1777886128,50,,Aggregated,0.200000,0.000000,26,41,47,54,69,88,97,120,480,480,480,114,1,25,40.45961666640339,15.079699995112605,478.94699999596924,150.87719298245614
1777886129,50,,Aggregated,0.200000,0.000000,26,41,47,54,69,88,97,120,480,480,480,114,1,25,40.45961666640339,15.079699995112605,478.94699999596924,150.87719298245614
1777886130,50,,Aggregated,0.200000,0.000000,26,41,47,54,69,88,97,120,480,480,480,114,1,25,40.45961666640339,15.079699995112605,478.94699999596924,150.87719298245614
1777886131,50,,Aggregated,0.200000,0.000000,26,40,47,54,69,88,97,120,480,480,480,116,1,25,40.149285344623735,15.079699995112605,478.94699999596924,148.27586206896552
1777886132,50,,Aggregated,0.000000,0.000000,25,40,44,54,69,88,97,120,480,480,480,117,1,25,39.982332478368924,15.079699995112605,478.94699999596924,147.008547008547
1777886133,50,,Aggregated,0.000000,0.000000,25,40,44,54,69,88,97,120,480,480,480,118,1,25,39.84966101662564,15.079699995112605,478.94699999596924,145.76271186440678
1777886134,50,,Aggregated,0.000000,0.000000,25,40,44,54,69,88,97,120,480,480,480,118,1,25,39.84966101662564,15.079699995112605,478.94699999596924,145.76271186440678
1777886135,50,,Aggregated,0.000000,0.000000,25,40,44,54,69,88,97,120,480,480,480,118,1,25,39.84966101662564,15.079699995112605,478.94699999596924,145.76271186440678
1777886136,50,,Aggregated,0.000000,0.000000,25,40,44,54,69,88,97,120,480,480,480,118,1,25,39.84966101662564,15.079699995112605,478.94699999596924,145.76271186440678
1777886137,50,,Aggregated,0.000000,0.000000,25,40,44,54,69,88,97,120,480,480,480,118,1,25,39.84966101662564,15.079699995112605,478.94699999596924,145.76271186440678
1777886138,50,,Aggregated,0.000000,0.000000,25,40,44,54,69,88,97,120,480,480,480,118,1,25,39.84966101662564,15.079699995112605,478.94699999596924,145.76271186440678
1777886139,50,,Aggregated,0.000000,0.000000,25,40,44,54,69,88,97,120,480,480,480,118,1,25,39.84966101662564,15.079699995112605,478.94699999596924,145.76271186440678
1777886140,50,,Aggregated,0.000000,0.000000,25,40,44,54,69,88,97,120,480,480,480,118,1,25,39.84966101662564,15.079699995112605,478.94699999596924,145.76271186440678
1777886141,50,,Aggregated,0.000000,0.000000,25,40,44,54,69,88,97,120,480,480,480,118,1,25,39.84966101662564,15.079699995112605,478.94699999596924,145.76271186440678
1777886142,50,,Aggregated,0.000000,0.000000,25,40,44,54,69,88,97,120,480,480,480,118,1,25,39.84966101662564,15.079699995112605,478.94699999596924,145.76271186440678
1777886143,50,,Aggregated,0.000000,0.000000,25,40,44,54,69,88,97,120,480,480,480,118,1,25,39.84966101662564,15.079699995112605,478.94699999596924,145.76271186440678
1777886144,50,,Aggregated,0.000000,0.000000,25,40,44,54,69,88,97,120,480,480,480,118,1,25,39.84966101662564,15.079699995112605,478.94699999596924,145.76271186440678
1777886145,50,,Aggregated,0.000000,0.000000,25,40,44,54,69,88,97,120,480,480,480,118,1,25,39.84966101662564,15.079699995112605,478.94699999596924,145.76271186440678
1777886146,50,,Aggregated,0.000000,0.000000,25,40,44,54,69,88,97,120,480,480,480,118,1,25,39.84966101662564,15.079699995112605,478.94699999596924,145.76271186440678
1777886147,50,,Aggregated,0.000000,0.000000,25,40,44,54,69,88,97,120,480,480,480,118,1,25,39.84966101662564,15.079699995112605,478.94699999596924,145.76271186440678
1777886148,50,,Aggregated,0.000000,0.000000,25,40,44,54,69,88,97,120,480,480,480,118,1,25,39.84966101662564,15.079699995112605,478.94699999596924,145.76271186440678
1777886149,50,,Aggregated,0.000000,0.000000,25,40,44,54,69,88,97,120,480,480,480,119,1,25,39.65960252059608,15.079699995112605,478.94699999596924,144.53781512605042
1777886150,50,,Aggregated,0.000000,0.000000,25,40,44,54,69,88,97,120,480,480,480,120,1,25,39.44854499968642,14.332700011436827,478.94699999596924,143.33333333333334
1777886151,50,,Aggregated,0.000000,0.000000,25,40,44,54,69,88,97,120,480,480,480,120,1,25,39.44854499968642,14.332700011436827,478.94699999596924,143.33333333333334
1777886152,50,,Aggregated,0.000000,0.000000,25,40,44,54,69,88,97,120,480,480,480,120,1,25,39.44854499968642,14.332700011436827,478.94699999596924,143.33333333333334
1777886153,50,,Aggregated,0.000000,0.000000,25,40,44,54,69,88,97,120,480,480,480,120,1,25,39.44854499968642,14.332700011436827,478.94699999596924,143.33333333333334
1777886154,50,,Aggregated,0.000000,0.000000,25,40,44,54,69,88,97,120,480,480,480,120,1,25,39.44854499968642,14.332700011436827,478.94699999596924,143.33333333333334
1777886155,50,,Aggregated,0.200000,0.000000,25,39,43,53,69,83,97,120,480,480,480,122,1,24,39.07971557353329,14.332700011436827,478.94699999596924,140.98360655737704
1777886156,50,,Aggregated,0.200000,0.000000,25,39,43,53,69,83,97,120,480,480,480,122,1,24,39.07971557353329,14.332700011436827,478.94699999596924,140.98360655737704
1777886157,50,,Aggregated,0.200000,0.000000,25,39,43,53,69,83,97,120,480,480,480,122,1,24,39.07971557353329,14.332700011436827,478.94699999596924,140.98360655737704
1777886158,50,,Aggregated,0.200000,0.000000,25,39,43,53,69,83,97,120,480,480,480,122,1,24,39.07971557353329,14.332700011436827,478.94699999596924,140.98360655737704
1777886159,50,,Aggregated,0.200000,0.000000,25,39,43,53,69,83,97,120,480,480,480,122,1,24,39.07971557353329,14.332700011436827,478.94699999596924,140.98360655737704
1777886160,50,,Aggregated,0.200000,0.000000,25,39,43,53,69,83,97,120,480,480,480,122,1,24,39.07971557353329,14.332700011436827,478.94699999596924,140.98360655737704
1777886161,50,,Aggregated,0.300000,0.000000,24,39,43,53,69,83,97,120,480,480,480,123,1,24,38.871619511917196,13.483899994753301,478.94699999596924,139.83739837398375
1777886162,50,,Aggregated,0.300000,0.000000,24,39,43,53,69,83,97,120,480,480,480,123,1,24,38.871619511917196,13.483899994753301,478.94699999596924,139.83739837398375
1777886163,50,,Aggregated,0.300000,0.000000,24,39,43,53,69,83,97,120,480,480,480,123,1,24,38.871619511917196,13.483899994753301,478.94699999596924,139.83739837398375
1777886164,50,,Aggregated,0.200000,0.000000,25,39,44,54,69,83,97,120,480,480,480,124,1,24,39.061035483633354,13.483899994753301,478.94699999596924,138.70967741935485
1777886165,50,,Aggregated,0.200000,0.000000,25,39,44,54,69,83,97,120,480,480,480,124,1,24,39.061035483633354,13.483899994753301,478.94699999596924,138.70967741935485
1777886166,50,,Aggregated,0.200000,0.000000,25,39,44,54,69,83,97,120,480,480,480,124,1,24,39.061035483633354,13.483899994753301,478.94699999596924,138.70967741935485
1777886167,50,,Aggregated,0.200000,0.000000,25,39,44,54,69,83,97,120,480,480,480,124,1,24,39.061035483633354,13.483899994753301,478.94699999596924,138.70967741935485
1777886168,50,,Aggregated,0.200000,0.000000,25,39,44,54,69,83,97,120,480,480,480,124,1,24,39.061035483633354,13.483899994753301,478.94699999596924,138.70967741935485
1777886169,50,,Aggregated,0.200000,0.000000,25,39,44,54,69,83,97,120,480,480,480,124,1,24,39.061035483633354,13.483899994753301,478.94699999596924,138.70967741935485
1777886170,50,,Aggregated,0.200000,0.000000,25,39,44,54,69,83,97,120,480,480,480,124,1,24,39.061035483633354,13.483899994753301,478.94699999596924,138.70967741935485
1777886171,50,,Aggregated,0.200000,0.000000,25,39,44,54,69,83,97,120,480,480,480,124,1,24,39.061035483633354,13.483899994753301,478.94699999596924,138.70967741935485
1777886172,50,,Aggregated,0.200000,0.000000,25,39,44,54,69,83,97,120,480,480,480,124,1,24,39.061035483633354,13.483899994753301,478.94699999596924,138.70967741935485
1777886173,50,,Aggregated,0.200000,0.000000,25,39,44,54,69,83,97,120,480,480,480,124,1,24,39.061035483633354,13.483899994753301,478.94699999596924,138.70967741935485
1777886174,50,,Aggregated,0.200000,0.000000,24,39,43,54,69,83,97,120,480,480,480,125,1,24,38.87574959977064,13.483899994753301,478.94699999596924,137.6
1777886175,50,,Aggregated,0.200000,0.000000,24,39,43,54,69,83,97,120,480,480,480,125,1,24,38.87574959977064,13.483899994753301,478.94699999596924,137.6
1777886176,50,,Aggregated,0.200000,0.000000,24,39,43,54,69,83,97,120,480,480,480,125,1,24,38.87574959977064,13.483899994753301,478.94699999596924,137.6
1777886177,50,,Aggregated,0.200000,0.000000,24,39,43,54,69,83,97,120,480,480,480,125,1,24,38.87574959977064,13.483899994753301,478.94699999596924,137.6
1777886178,50,,Aggregated,0.200000,0.000000,24,39,43,54,69,83,97,120,480,480,480,125,1,24,38.87574959977064,13.483899994753301,478.94699999596924,137.6
1777886179,50,,Aggregated,0.200000,0.000000,24,39,43,54,69,83,97,120,480,480,480,125,1,24,38.87574959977064,13.483899994753301,478.94699999596924,137.6
1777886180,50,,Aggregated,0.100000,0.000000,24,39,43,53,69,83,97,120,480,480,480,127,1,24,38.569253543139745,13.483899994753301,478.94699999596924,135.43307086614172
1777886181,50,,Aggregated,0.100000,0.000000,24,39,43,53,69,83,97,120,480,480,480,127,1,24,38.569253543139745,13.483899994753301,478.94699999596924,135.43307086614172
1777886182,50,,Aggregated,0.100000,0.000000,24,39,43,53,69,83,97,120,480,480,480,127,1,24,38.569253543139745,13.483899994753301,478.94699999596924,135.43307086614172
1777886183,50,,Aggregated,0.100000,0.000000,24,39,43,53,69,83,97,120,480,480,480,127,1,24,38.569253543139745,13.483899994753301,478.94699999596924,135.43307086614172
1777886184,50,,Aggregated,0.100000,0.000000,24,39,43,53,69,83,97,120,480,480,480,127,1,24,38.569253543139745,13.483899994753301,478.94699999596924,135.43307086614172
1777886185,50,,Aggregated,0.100000,0.000000,24,39,43,53,69,83,97,120,480,480,480,127,1,24,38.569253543139745,13.483899994753301,478.94699999596924,135.43307086614172
1777886186,50,,Aggregated,0.100000,0.000000,24,39,43,53,69,83,97,120,480,480,480,127,1,24,38.569253543139745,13.483899994753301,478.94699999596924,135.43307086614172
1777886187,50,,Aggregated,0.200000,0.000000,24,39,43,53,69,83,97,120,480,480,480,128,1,24,38.5540023436306,13.483899994753301,478.94699999596924,134.375
1777886188,50,,Aggregated,0.200000,0.000000,24,39,43,53,69,83,97,120,480,480,480,130,1,24,38.21425307687605,13.483899994753301,478.94699999596924,132.30769230769232
1777886189,50,,Aggregated,0.200000,0.000000,24,39,43,53,69,83,97,120,480,480,480,130,1,24,38.21425307687605,13.483899994753301,478.94699999596924,132.30769230769232
1777886190,50,,Aggregated,0.300000,0.000000,24,39,43,53,69,83,97,120,480,480,480,131,1,24,38.10089389304364,13.483899994753301,478.94699999596924,131.29770992366412
1777886191,50,,Aggregated,0.300000,0.000000,24,39,43,53,69,83,97,120,480,480,480,131,1,24,38.10089389304364,13.483899994753301,478.94699999596924,131.29770992366412
1777886192,50,,Aggregated,0.300000,0.000000,24,39,43,53,69,83,97,120,480,480,480,131,1,24,38.10089389304364,13.483899994753301,478.94699999596924,131.29770992366412
1777886193,50,,Aggregated,0.300000,0.000000,24,39,43,53,69,83,97,120,480,480,480,131,1,24,38.10089389304364,13.483899994753301,478.94699999596924,131.29770992366412
1777886194,50,,Aggregated,0.300000,0.000000,24,39,43,53,69,83,97,120,480,480,480,131,1,24,38.10089389304364,13.483899994753301,478.94699999596924,131.29770992366412
1777886195,50,,Aggregated,0.300000,0.000000,24,39,43,53,69,83,97,120,480,480,480,131,1,24,38.10089389304364,13.483899994753301,478.94699999596924,131.29770992366412
1777886196,50,,Aggregated,0.300000,0.000000,24,39,43,53,69,83,97,120,480,480,480,131,1,24,38.10089389304364,13.483899994753301,478.94699999596924,131.29770992366412
1777886197,50,,Aggregated,0.300000,0.000000,24,39,43,53,69,83,97,120,480,480,480,131,1,24,38.10089389304364,13.483899994753301,478.94699999596924,131.29770992366412
1777886198,50,,Aggregated,0.400000,0.000000,24,39,43,53,69,83,97,120,480,480,480,132,1,24,38.01255151505977,13.483899994753301,478.94699999596924,130.3030303030303
1777886199,50,,Aggregated,0.400000,0.000000,24,39,43,53,69,83,97,120,480,480,480,132,1,24,38.01255151505977,13.483899994753301,478.94699999596924,130.3030303030303
1777886200,50,,Aggregated,0.400000,0.000000,24,39,43,53,69,83,97,120,480,480,480,132,1,24,38.01255151505977,13.483899994753301,478.94699999596924,130.3030303030303
1777886201,50,,Aggregated,0.400000,0.000000,24,39,43,53,69,83,97,120,480,480,480,132,1,24,38.01255151505977,13.483899994753301,478.94699999596924,130.3030303030303
1777886202,50,,Aggregated,0.400000,0.000000,24,39,43,53,69,83,97,120,480,480,480,132,1,24,38.01255151505977,13.483899994753301,478.94699999596924,130.3030303030303
1777886203,50,,Aggregated,0.400000,0.000000,24,39,43,53,69,83,97,120,480,480,480,132,1,24,38.01255151505977,13.483899994753301,478.94699999596924,130.3030303030303
1777886204,50,,Aggregated,0.400000,0.000000,24,39,43,53,69,83,97,120,480,480,480,132,1,24,38.01255151505977,13.483899994753301,478.94699999596924,130.3030303030303
1777886205,50,,Aggregated,0.400000,0.000000,24,39,43,53,69,83,97,120,480,480,480,132,1,24,38.01255151505977,13.483899994753301,478.94699999596924,130.3030303030303
1777886206,50,,Aggregated,0.400000,0.000000,24,39,43,53,69,83,97,120,480,480,480,132,1,24,38.01255151505977,13.483899994753301,478.94699999596924,130.3030303030303
1777886207,50,,Aggregated,0.400000,0.000000,24,39,43,53,69,83,97,120,480,480,480,132,1,24,38.01255151505977,13.483899994753301,478.94699999596924,130.3030303030303
1777886208,50,,Aggregated,0.400000,0.000000,24,39,43,53,69,83,97,120,480,480,480,132,1,24,38.01255151505977,13.483899994753301,478.94699999596924,130.3030303030303
1777886209,50,,Aggregated,0.400000,0.000000,24,39,43,53,69,83,97,120,480,480,480,132,1,24,38.01255151505977,13.483899994753301,478.94699999596924,130.3030303030303
1777886210,50,,Aggregated,0.400000,0.000000,24,39,43,53,69,83,97,120,480,480,480,132,1,24,38.01255151505977,13.483899994753301,478.94699999596924,130.3030303030303
1777886211,50,,Aggregated,0.400000,0.000000,24,39,43,53,69,83,97,120,480,480,480,132,1,24,38.01255151505977,13.483899994753301,478.94699999596924,130.3030303030303
1777886212,50,,Aggregated,0.400000,0.000000,24,39,43,53,69,83,97,120,480,480,480,132,1,24,38.01255151505977,13.483899994753301,478.94699999596924,130.3030303030303
1777886213,50,,Aggregated,0.400000,0.000000,24,39,43,53,69,83,97,120,480,480,480,132,1,24,38.01255151505977,13.483899994753301,478.94699999596924,130.3030303030303
1777886214,50,,Aggregated,0.000000,0.000000,24,39,42,53,69,83,97,120,480,480,480,133,1,24,37.89646090209638,13.483899994753301,478.94699999596924,129.3233082706767
1777886215,50,,Aggregated,0.000000,0.000000,24,39,42,53,69,83,97,120,480,480,480,133,1,24,37.89646090209638,13.483899994753301,478.94699999596924,129.3233082706767
1777886216,50,,Aggregated,0.000000,0.000000,24,39,42,53,69,83,97,120,480,480,480,134,1,24,37.73132462670015,13.483899994753301,478.94699999596924,128.3582089552239
1777886217,50,,Aggregated,0.100000,0.000000,24,39,42,53,69,83,97,120,480,480,480,135,1,24,37.58705185178702,13.483899994753301,478.94699999596924,127.4074074074074
1777886218,50,,Aggregated,0.100000,0.000000,24,39,42,53,69,83,97,120,480,480,480,135,1,24,37.58705185178702,13.483899994753301,478.94699999596924,127.4074074074074
1777886219,50,,Aggregated,0.100000,0.000000,24,39,42,53,69,83,97,120,480,480,480,135,1,24,37.58705185178702,13.483899994753301,478.94699999596924,127.4074074074074
1777886221,50,,Aggregated,0.100000,0.000000,24,39,42,53,69,83,97,120,480,480,480,135,1,24,37.58705185178702,13.483899994753301,478.94699999596924,127.4074074074074
1777886222,50,,Aggregated,0.100000,0.000000,24,39,42,53,69,83,97,120,480,480,480,135,1,24,37.58705185178702,13.483899994753301,478.94699999596924,127.4074074074074
1777886223,50,,Aggregated,0.300000,0.000000,24,38,42,52,69,83,97,120,480,480,480,138,1,23,37.12626666674623,13.483899994753301,478.94699999596924,124.6376811594203
1777886224,50,,Aggregated,0.300000,0.000000,24,38,42,52,69,83,97,120,480,480,480,138,1,23,37.12626666674623,13.483899994753301,478.94699999596924,124.6376811594203
1777886225,50,,Aggregated,0.300000,0.000000,24,38,42,52,69,83,97,120,480,480,480,138,1,23,37.12626666674623,13.483899994753301,478.94699999596924,124.6376811594203
1777886226,50,,Aggregated,0.300000,0.000000,24,38,42,52,69,83,97,120,480,480,480,138,1,23,37.12626666674623,13.483899994753301,478.94699999596924,124.6376811594203
1777886227,50,,Aggregated,0.300000,0.000000,24,38,42,52,69,83,97,120,480,480,480,138,1,23,37.12626666674623,13.483899994753301,478.94699999596924,124.6376811594203
1777886228,50,,Aggregated,0.300000,0.000000,24,38,42,52,69,83,97,120,480,480,480,138,1,23,37.12626666674623,13.483899994753301,478.94699999596924,124.6376811594203
1777886229,50,,Aggregated,0.300000,0.000000,24,38,42,52,69,83,97,120,480,480,480,138,1,23,37.12626666674623,13.483899994753301,478.94699999596924,124.6376811594203
1777886230,50,,Aggregated,0.300000,0.000000,24,38,42,52,69,83,97,120,480,480,480,138,1,23,37.12626666674623,13.483899994753301,478.94699999596924,124.6376811594203
1777886231,50,,Aggregated,0.300000,0.000000,24,38,42,52,69,83,97,120,480,480,480,138,1,23,37.12626666674623,13.483899994753301,478.94699999596924,124.6376811594203
1777886232,50,,Aggregated,0.300000,0.000000,24,38,42,52,69,83,97,120,480,480,480,138,1,23,37.12626666674623,13.483899994753301,478.94699999596924,124.6376811594203
1777886233,50,,Aggregated,0.300000,0.000000,24,38,42,52,69,83,97,120,480,480,480,138,1,23,37.12626666674623,13.483899994753301,478.94699999596924,124.6376811594203
1777886234,50,,Aggregated,0.300000,0.000000,24,38,42,52,69,83,97,120,480,480,480,138,1,23,37.12626666674623,13.483899994753301,478.94699999596924,124.6376811594203
1777886235,50,,Aggregated,0.300000,0.000000,24,38,42,52,69,83,97,120,480,480,480,138,1,23,37.12626666674623,13.483899994753301,478.94699999596924,124.6376811594203
1777886236,50,,Aggregated,0.300000,0.000000,24,38,42,52,69,83,97,120,480,480,480,138,1,23,37.12626666674623,13.483899994753301,478.94699999596924,124.6376811594203
1777886237,50,,Aggregated,0.300000,0.000000,24,38,42,52,69,83,97,120,480,480,480,138,1,23,37.12626666674623,13.483899994753301,478.94699999596924,124.6376811594203
1777886238,50,,Aggregated,0.300000,0.000000,24,38,42,52,69,83,97,120,480,480,480,138,1,23,37.12626666674623,13.483899994753301,478.94699999596924,124.6376811594203
1777886239,50,,Aggregated,0.300000,0.000000,24,38,42,52,69,83,97,120,480,480,480,138,1,23,37.12626666674623,13.483899994753301,478.94699999596924,124.6376811594203
1777886240,50,,Aggregated,0.300000,0.000000,24,38,42,52,69,83,97,120,480,480,480,138,1,23,37.12626666674623,13.483899994753301,478.94699999596924,124.6376811594203
1777886241,50,,Aggregated,0.300000,0.000000,24,38,42,52,69,83,97,120,480,480,480,138,1,23,37.12626666674623,13.483899994753301,478.94699999596924,124.6376811594203
1777886242,50,,Aggregated,0.300000,0.000000,24,38,42,52,69,83,97,120,480,480,480,138,1,23,37.12626666674623,13.483899994753301,478.94699999596924,124.6376811594203
1777886243,50,,Aggregated,0.300000,0.000000,24,38,42,52,69,83,97,120,480,480,480,138,1,23,37.12626666674623,13.483899994753301,478.94699999596924,124.6376811594203
1777886244,50,,Aggregated,0.000000,0.000000,23,38,42,52,69,83,97,120,480,480,480,139,1,23,37.01354172669113,13.483899994753301,478.94699999596924,123.7410071942446
1777886245,50,,Aggregated,0.000000,0.000000,23,38,42,52,69,83,97,120,480,480,480,139,1,23,37.01354172669113,13.483899994753301,478.94699999596924,123.7410071942446
1777886246,50,,Aggregated,0.000000,0.000000,23,38,42,52,69,83,97,120,480,480,480,139,1,23,37.01354172669113,13.483899994753301,478.94699999596924,123.7410071942446
1777886247,50,,Aggregated,0.100000,0.000000,23,38,42,52,69,83,97,120,480,480,480,140,2,23,36.858855714360416,13.483899994753301,478.94699999596924,122.85714285714286
1777886248,50,,Aggregated,0.100000,0.000000,23,38,42,52,69,83,97,120,480,480,480,140,2,23,36.858855714360416,13.483899994753301,478.94699999596924,122.85714285714286
1777886249,50,,Aggregated,0.100000,0.000000,23,38,42,48,66,82,97,120,480,480,480,141,2,23,36.721473758923,13.483899994753301,478.94699999596924,121.98581560283688
1777886250,50,,Aggregated,0.200000,0.100000,23,37,42,48,66,82,97,120,480,480,480,143,3,23,36.50078951044112,13.483899994753301,478.94699999596924,120.27972027972028
1777886251,50,,Aggregated,0.200000,0.100000,23,37,41,48,66,82,97,120,480,480,480,145,4,23,36.210562758637465,13.483899994753301,478.94699999596924,118.62068965517241
1777886252,50,,Aggregated,0.200000,0.100000,23,37,41,48,66,82,97,120,480,480,480,145,4,23,36.210562758637465,13.483899994753301,478.94699999596924,118.62068965517241
1777886253,50,,Aggregated,0.700000,0.300000,23,37,41,47,66,82,97,120,480,480,480,146,4,23,36.17016986301105,13.483899994753301,478.94699999596924,117.8082191780822
1777886254,50,,Aggregated,0.700000,0.300000,23,37,41,47,66,82,97,120,480,480,480,146,4,23,36.17016986301105,13.483899994753301,478.94699999596924,117.8082191780822
1777886255,50,,Aggregated,0.700000,0.300000,23,36,41,47,66,82,97,120,480,480,480,148,5,23,35.91347770270659,13.483899994753301,478.94699999596924,116.21621621621621
1777886256,50,,Aggregated,0.700000,0.300000,23,36,41,47,66,82,97,120,480,480,480,148,5,23,35.91347770270659,13.483899994753301,478.94699999596924,116.21621621621621
1777886257,50,,Aggregated,0.700000,0.300000,23,36,41,47,66,82,97,120,480,480,480,149,6,23,35.77556845637495,13.483899994753301,478.94699999596924,115.43624161073825
1777886258,50,,Aggregated,0.700000,0.300000,23,36,41,47,66,82,97,120,480,480,480,149,6,23,35.77556845637495,13.483899994753301,478.94699999596924,115.43624161073825
1777886259,50,,Aggregated,0.700000,0.300000,23,36,41,47,66,82,97,120,480,480,480,149,6,23,35.77556845637495,13.483899994753301,478.94699999596924,115.43624161073825
1777886260,50,,Aggregated,0.700000,0.300000,23,36,41,47,66,82,97,120,480,480,480,149,6,23,35.77556845637495,13.483899994753301,478.94699999596924,115.43624161073825
1777886261,50,,Aggregated,0.700000,0.300000,23,36,41,47,66,82,97,120,480,480,480,149,6,23,35.77556845637495,13.483899994753301,478.94699999596924,115.43624161073825
1777886262,50,,Aggregated,0.800000,0.400000,23,36,41,47,66,82,97,120,480,480,480,150,7,22,35.647339333275646,13.483899994753301,478.94699999596924,114.66666666666667
1777886263,50,,Aggregated,0.800000,0.400000,23,36,41,47,66,82,97,120,480,480,480,150,7,22,35.647339333275646,13.483899994753301,478.94699999596924,114.66666666666667
1777886264,50,,Aggregated,0.800000,0.400000,23,36,41,47,66,82,97,120,480,480,480,150,7,22,35.647339333275646,13.483899994753301,478.94699999596924,114.66666666666667
1777886265,50,,Aggregated,0.500000,0.300000,22,35,41,44,65,82,94,120,480,480,480,151,8,22,35.53730463568624,13.483899994753301,478.94699999596924,113.90728476821192
1777886266,50,,Aggregated,0.500000,0.300000,22,35,41,44,65,82,94,120,480,480,480,152,9,22,35.41070921049763,13.483899994753301,478.94699999596924,113.15789473684211
1777886267,50,,Aggregated,0.400000,0.300000,22,35,41,44,65,82,94,120,480,480,480,153,10,22,35.28547712416827,13.483899994753301,478.94699999596924,112.41830065359477
1777886268,50,,Aggregated,0.400000,0.300000,22,35,41,44,65,82,94,120,480,480,480,153,10,22,35.28547712416827,13.483899994753301,478.94699999596924,112.41830065359477
1777886269,50,,Aggregated,0.400000,0.300000,22,35,41,44,65,82,94,120,480,480,480,153,10,22,35.28547712416827,13.483899994753301,478.94699999596924,112.41830065359477
1777886270,50,,Aggregated,0.400000,0.300000,22,35,41,44,65,82,94,120,480,480,480,153,10,22,35.28547712416827,13.483899994753301,478.94699999596924,112.41830065359477
1777886271,50,,Aggregated,0.400000,0.300000,22,35,41,44,65,82,94,120,480,480,480,153,10,22,35.28547712416827,13.483899994753301,478.94699999596924,112.41830065359477
1777886272,50,,Aggregated,0.400000,0.300000,22,35,41,44,65,82,94,120,480,480,480,153,10,22,35.28547712416827,13.483899994753301,478.94699999596924,112.41830065359477
1777886273,50,,Aggregated,0.400000,0.300000,22,35,41,44,65,82,94,120,480,480,480,153,10,22,35.28547712416827,13.483899994753301,478.94699999596924,112.41830065359477
1777886274,50,,Aggregated,0.400000,0.300000,22,35,41,44,65,82,94,120,480,480,480,153,10,22,35.28547712416827,13.483899994753301,478.94699999596924,112.41830065359477
1777886275,50,,Aggregated,0.400000,0.300000,22,35,41,44,65,82,94,120,480,480,480,153,10,22,35.28547712416827,13.483899994753301,478.94699999596924,112.41830065359477
1777886276,50,,Aggregated,0.400000,0.300000,22,35,41,44,65,82,94,120,480,480,480,153,10,22,35.28547712416827,13.483899994753301,478.94699999596924,112.41830065359477
1777886277,50,,Aggregated,0.300000,0.300000,22,35,41,44,65,82,94,120,480,480,480,154,11,22,35.151039610307684,13.483899994753301,478.94699999596924,111.68831168831169
1777886278,50,,Aggregated,0.300000,0.300000,22,35,41,44,65,82,94,120,480,480,480,154,11,22,35.151039610307684,13.483899994753301,478.94699999596924,111.68831168831169
1777886279,50,,Aggregated,0.300000,0.300000,22,35,41,44,65,82,94,120,480,480,480,154,11,22,35.151039610307684,13.483899994753301,478.94699999596924,111.68831168831169
1777886280,50,,Aggregated,0.300000,0.300000,22,35,41,44,65,82,94,120,480,480,480,154,11,22,35.151039610307684,13.483899994753301,478.94699999596924,111.68831168831169
1777886281,50,,Aggregated,0.300000,0.300000,22,35,41,44,65,82,94,120,480,480,480,154,11,22,35.151039610307684,13.483899994753301,478.94699999596924,111.68831168831169
1777886282,50,,Aggregated,0.100000,0.100000,22,35,41,44,65,82,94,120,480,480,480,155,12,22,35.064251612845595,13.483899994753301,478.94699999596924,110.96774193548387
1777886283,50,,Aggregated,0.100000,0.100000,22,35,41,43,65,82,94,120,480,480,480,156,13,22,35.10400576916977,13.483899994753301,478.94699999596924,110.25641025641026
1777886284,50,,Aggregated,0.100000,0.100000,22,35,41,43,65,82,94,120,480,480,480,156,13,22,35.10400576916977,13.483899994753301,478.94699999596924,110.25641025641026
1777886285,50,,Aggregated,0.100000,0.100000,22,35,41,43,65,82,94,120,480,480,480,156,13,22,35.10400576916977,13.483899994753301,478.94699999596924,110.25641025641026
1777886286,50,,Aggregated,0.100000,0.100000,22,35,41,43,65,82,94,120,480,480,480,156,13,22,35.10400576916977,13.483899994753301,478.94699999596924,110.25641025641026
1777886287,50,,Aggregated,0.100000,0.100000,22,35,41,43,65,82,94,120,480,480,480,156,13,22,35.10400576916977,13.483899994753301,478.94699999596924,110.25641025641026
1777886288,50,,Aggregated,0.300000,0.300000,22,35,41,43,65,82,94,120,480,480,480,157,14,22,35.001386624166244,13.483899994753301,478.94699999596924,109.55414012738854
1777886289,50,,Aggregated,0.300000,0.300000,22,35,41,43,65,82,94,120,480,480,480,157,14,22,35.001386624166244,13.483899994753301,478.94699999596924,109.55414012738854
1777886290,50,,Aggregated,0.300000,0.300000,22,35,41,43,65,82,94,120,480,480,480,157,14,22,35.001386624166244,13.483899994753301,478.94699999596924,109.55414012738854
1777886291,50,,Aggregated,0.300000,0.300000,22,35,41,43,65,82,94,120,480,480,480,157,14,22,35.001386624166244,13.483899994753301,478.94699999596924,109.55414012738854
1777886292,50,,Aggregated,0.300000,0.300000,22,35,41,43,65,82,94,120,480,480,480,157,14,22,35.001386624166244,13.483899994753301,478.94699999596924,109.55414012738854
1777886293,50,,Aggregated,0.300000,0.300000,22,35,41,43,65,82,94,120,480,480,480,158,14,22,34.96208607598246,13.483899994753301,478.94699999596924,108.86075949367088
1777886294,50,,Aggregated,0.300000,0.300000,22,35,41,43,65,82,94,120,480,480,480,158,14,22,34.96208607598246,13.483899994753301,478.94699999596924,108.86075949367088
1777886295,50,,Aggregated,0.300000,0.300000,22,35,41,43,65,82,94,120,480,480,480,158,14,22,34.96208607598246,13.483899994753301,478.94699999596924,108.86075949367088
1777886296,50,,Aggregated,0.300000,0.300000,22,35,41,43,65,82,94,120,480,480,480,158,14,22,34.96208607598246,13.483899994753301,478.94699999596924,108.86075949367088
1777886297,50,,Aggregated,0.300000,0.300000,22,35,41,43,65,82,94,120,480,480,480,158,14,22,34.96208607598246,13.483899994753301,478.94699999596924,108.86075949367088
1777886298,50,,Aggregated,0.300000,0.300000,22,35,41,43,65,82,94,120,480,480,480,158,14,22,34.96208607598246,13.483899994753301,478.94699999596924,108.86075949367088
1777886299,50,,Aggregated,0.200000,0.100000,22,35,41,44,66,83,97,270,480,480,480,159,14,22,36.41567924530348,13.483899994753301,478.94699999596924,108.17610062893081
1777886300,50,,Aggregated,0.200000,0.100000,22,35,41,44,66,83,97,270,480,480,480,159,14,22,36.41567924530348,13.483899994753301,478.94699999596924,108.17610062893081
1777886301,50,,Aggregated,0.200000,0.100000,22,35,41,44,66,83,97,270,480,480,480,159,14,22,36.41567924530348,13.483899994753301,478.94699999596924,108.17610062893081
1777886302,50,,Aggregated,0.200000,0.100000,22,35,41,44,66,83,97,270,480,480,480,159,14,22,36.41567924530348,13.483899994753301,478.94699999596924,108.17610062893081
1777886303,50,,Aggregated,0.200000,0.100000,22,35,41,44,66,83,97,270,480,480,480,159,14,22,36.41567924530348,13.483899994753301,478.94699999596924,108.17610062893081
1777886304,50,,Aggregated,0.200000,0.100000,22,35,41,44,66,83,97,270,480,480,480,159,14,22,36.41567924530348,13.483899994753301,478.94699999596924,108.17610062893081
1777886305,50,,Aggregated,0.200000,0.100000,22,35,41,44,66,83,97,270,480,480,480,159,14,22,36.41567924530348,13.483899994753301,478.94699999596924,108.17610062893081
1777886306,50,,Aggregated,0.200000,0.100000,22,35,41,44,66,83,97,270,480,480,480,159,14,22,36.41567924530348,13.483899994753301,478.94699999596924,108.17610062893081
1777886307,50,,Aggregated,0.200000,0.100000,22,35,41,44,66,83,97,270,480,480,480,159,14,22,36.41567924530348,13.483899994753301,478.94699999596924,108.17610062893081
1777886308,50,,Aggregated,0.200000,0.100000,22,35,41,44,66,83,97,270,480,480,480,159,14,22,36.41567924530348,13.483899994753301,478.94699999596924,108.17610062893081
1777886309,50,,Aggregated,0.200000,0.100000,22,35,41,44,66,83,97,270,480,480,480,159,14,22,36.41567924530348,13.483899994753301,478.94699999596924,108.17610062893081
1777886310,50,,Aggregated,0.100000,0.000000,22,35,41,44,66,83,97,270,480,480,480,160,14,22,36.29804937500012,13.483899994753301,478.94699999596924,107.5
1777886311,50,,Aggregated,0.100000,0.000000,22,35,41,44,66,83,97,270,480,480,480,160,14,22,36.29804937500012,13.483899994753301,478.94699999596924,107.5
1777886312,50,,Aggregated,0.100000,0.000000,22,35,41,44,66,83,97,270,480,480,480,160,14,22,36.29804937500012,13.483899994753301,478.94699999596924,107.5
1777886313,50,,Aggregated,0.100000,0.000000,22,35,41,44,66,83,97,270,480,480,480,160,14,22,36.29804937500012,13.483899994753301,478.94699999596924,107.5
1777886314,50,,Aggregated,0.100000,0.000000,22,35,41,44,66,83,97,270,480,480,480,160,14,22,36.29804937500012,13.483899994753301,478.94699999596924,107.5
1777886315,50,,Aggregated,0.100000,0.000000,22,35,41,44,66,83,97,270,480,480,480,160,14,22,36.29804937500012,13.483899994753301,478.94699999596924,107.5
1777886316,50,,Aggregated,0.100000,0.000000,22,35,41,44,66,83,97,270,480,480,480,160,14,22,36.29804937500012,13.483899994753301,478.94699999596924,107.5
1777886317,50,,Aggregated,0.100000,0.000000,22,35,41,44,66,83,97,270,480,480,480,160,14,22,36.29804937500012,13.483899994753301,478.94699999596924,107.5
1777886318,50,,Aggregated,0.100000,0.000000,22,35,41,44,66,82,97,270,480,480,480,161,14,22,36.47977018630152,13.483899994753301,478.94699999596924,106.83229813664596
1777886319,50,,Aggregated,0.100000,0.000000,22,35,41,44,66,82,97,270,480,480,480,162,14,22,36.40942716042951,13.483899994753301,478.94699999596924,106.17283950617283
1777886320,50,,Aggregated,0.100000,0.000000,22,35,41,44,66,82,97,270,480,480,480,162,14,22,36.40942716042951,13.483899994753301,478.94699999596924,106.17283950617283
1777886321,50,,Aggregated,0.100000,0.000000,22,35,41,44,66,82,97,270,480,480,480,162,14,22,36.40942716042951,13.483899994753301,478.94699999596924,106.17283950617283
1777886322,50,,Aggregated,0.100000,0.000000,22,35,41,44,66,82,97,270,480,480,480,162,14,22,36.40942716042951,13.483899994753301,478.94699999596924,106.17283950617283
1777886323,50,,Aggregated,0.100000,0.000000,22,35,41,44,66,82,97,270,480,480,480,162,14,22,36.40942716042951,13.483899994753301,478.94699999596924,106.17283950617283
1777886324,50,,Aggregated,0.100000,0.000000,22,35,41,44,66,82,97,270,480,480,480,162,14,22,36.40942716042951,13.483899994753301,478.94699999596924,106.17283950617283
1777886326,50,,Aggregated,0.100000,0.000000,22,35,41,44,66,82,97,270,480,480,480,162,14,22,36.40942716042951,13.483899994753301,478.94699999596924,106.17283950617283
1777886327,50,,Aggregated,0.100000,0.000000,22,35,41,44,66,82,97,270,480,480,480,162,14,22,36.40942716042951,13.483899994753301,478.94699999596924,106.17283950617283
1777886328,50,,Aggregated,0.100000,0.000000,22,35,41,44,66,82,97,270,480,480,480,162,14,22,36.40942716042951,13.483899994753301,478.94699999596924,106.17283950617283
1777886329,50,,Aggregated,0.100000,0.000000,22,35,41,44,66,82,97,270,480,480,480,162,14,22,36.40942716042951,13.483899994753301,478.94699999596924,106.17283950617283
1777886330,50,,Aggregated,0.100000,0.000000,22,35,41,44,66,82,97,270,480,480,480,162,14,22,36.40942716042951,13.483899994753301,478.94699999596924,106.17283950617283
1777886331,50,,Aggregated,0.100000,0.000000,22,35,41,44,66,82,97,270,480,480,480,162,14,22,36.40942716042951,13.483899994753301,478.94699999596924,106.17283950617283
1777886332,50,,Aggregated,0.100000,0.000000,22,35,41,44,66,82,97,270,480,480,480,162,14,22,36.40942716042951,13.483899994753301,478.94699999596924,106.17283950617283
1777886333,50,,Aggregated,0.000000,0.000000,22,35,41,44,66,82,97,270,480,480,480,163,14,22,36.30222760725115,13.483899994753301,478.94699999596924,105.52147239263803
1777886334,50,,Aggregated,0.000000,0.000000,22,35,41,44,66,82,97,270,480,480,480,164,14,22,36.23063902430259,13.483899994753301,478.94699999596924,104.8780487804878
1777886335,50,,Aggregated,0.000000,0.000000,22,35,41,44,66,82,97,270,480,480,480,164,14,22,36.23063902430259,13.483899994753301,478.94699999596924,104.8780487804878
1777886336,50,,Aggregated,0.000000,0.000000,22,35,41,44,66,82,97,270,480,480,480,164,14,22,36.23063902430259,13.483899994753301,478.94699999596924,104.8780487804878
1777886337,50,,Aggregated,0.000000,0.000000,22,35,41,44,66,82,97,270,480,480,480,164,14,22,36.23063902430259,13.483899994753301,478.94699999596924,104.8780487804878
1777886338,50,,Aggregated,0.000000,0.000000,22,35,41,44,66,82,97,270,480,480,480,164,14,22,36.23063902430259,13.483899994753301,478.94699999596924,104.8780487804878
1777886339,50,,Aggregated,0.000000,0.000000,22,35,41,44,66,82,97,270,480,480,480,164,14,22,36.23063902430259,13.483899994753301,478.94699999596924,104.8780487804878
1777886340,50,,Aggregated,0.000000,0.000000,22,35,41,44,66,82,97,270,480,480,480,164,14,22,36.23063902430259,13.483899994753301,478.94699999596924,104.8780487804878
1777886341,50,,Aggregated,0.000000,0.000000,22,35,41,44,66,82,97,270,480,480,480,164,14,22,36.23063902430259,13.483899994753301,478.94699999596924,104.8780487804878
1777886342,50,,Aggregated,0.000000,0.000000,22,35,41,44,66,82,97,270,480,480,480,164,14,22,36.23063902430259,13.483899994753301,478.94699999596924,104.8780487804878
1777886343,50,,Aggregated,0.200000,0.000000,22,34,41,44,66,82,97,270,480,480,480,165,14,22,36.1113709089819,13.483899994753301,478.94699999596924,104.24242424242425
1777886344,50,,Aggregated,0.200000,0.000000,22,34,41,44,66,82,97,270,480,480,480,165,14,22,36.1113709089819,13.483899994753301,478.94699999596924,104.24242424242425
1777886345,50,,Aggregated,0.200000,0.000000,22,34,41,44,66,82,97,270,480,480,480,165,14,22,36.1113709089819,13.483899994753301,478.94699999596924,104.24242424242425
1777886346,50,,Aggregated,0.200000,0.000000,22,34,41,44,66,82,97,270,480,480,480,165,14,22,36.1113709089819,13.483899994753301,478.94699999596924,104.24242424242425
1777886347,50,,Aggregated,0.100000,0.000000,22,35,41,44,66,82,97,270,480,480,480,166,14,22,36.32592710828358,13.483899994753301,478.94699999596924,103.6144578313253
1777886348,50,,Aggregated,0.100000,0.000000,22,35,41,44,66,82,97,270,480,480,480,167,14,22,36.28045988008087,13.483899994753301,478.94699999596924,102.9940119760479
1777886349,50,,Aggregated,0.100000,0.000000,22,35,41,44,66,82,97,270,480,480,480,167,14,22,36.28045988008087,13.483899994753301,478.94699999596924,102.9940119760479
1777886350,50,,Aggregated,0.100000,0.000000,22,35,41,44,66,82,97,270,480,480,480,167,14,22,36.28045988008087,13.483899994753301,478.94699999596924,102.9940119760479
1777886351,50,,Aggregated,0.100000,0.000000,22,35,41,44,66,82,97,270,480,480,480,167,14,22,36.28045988008087,13.483899994753301,478.94699999596924,102.9940119760479
1777886352,50,,Aggregated,0.100000,0.000000,22,35,41,44,66,82,97,270,480,480,480,167,14,22,36.28045988008087,13.483899994753301,478.94699999596924,102.9940119760479
1777886353,50,,Aggregated,0.100000,0.000000,22,35,41,44,66,82,97,270,480,480,480,167,14,22,36.28045988008087,13.483899994753301,478.94699999596924,102.9940119760479
1777886354,50,,Aggregated,0.100000,0.000000,22,35,41,44,66,82,97,270,480,480,480,167,14,22,36.28045988008087,13.483899994753301,478.94699999596924,102.9940119760479
1777886355,50,,Aggregated,0.100000,0.000000,22,35,41,44,66,82,97,270,480,480,480,167,14,22,36.28045988008087,13.483899994753301,478.94699999596924,102.9940119760479
1777886356,50,,Aggregated,0.100000,0.000000,22,35,41,44,66,82,97,270,480,480,480,167,14,22,36.28045988008087,13.483899994753301,478.94699999596924,102.9940119760479
1777886357,50,,Aggregated,0.100000,0.000000,22,35,41,44,66,82,97,270,480,480,480,167,14,22,36.28045988008087,13.483899994753301,478.94699999596924,102.9940119760479
1777886358,50,,Aggregated,0.200000,0.000000,23,34,41,44,66,82,97,270,480,480,480,168,15,22,36.21810178559653,13.483899994753301,478.94699999596924,102.38095238095238
1777886359,50,,Aggregated,0.200000,0.000000,23,34,41,44,66,82,97,270,480,480,480,168,15,22,36.21810178559653,13.483899994753301,478.94699999596924,102.38095238095238
1777886360,50,,Aggregated,0.200000,0.000000,23,34,41,44,66,82,97,270,480,480,480,168,15,22,36.21810178559653,13.483899994753301,478.94699999596924,102.38095238095238
1777886361,50,,Aggregated,0.200000,0.000000,23,34,41,44,66,82,97,270,480,480,480,168,15,22,36.21810178559653,13.483899994753301,478.94699999596924,102.38095238095238
1777886362,50,,Aggregated,0.200000,0.000000,23,34,41,44,66,82,97,270,480,480,480,168,15,22,36.21810178559653,13.483899994753301,478.94699999596924,102.38095238095238
1777886363,50,,Aggregated,0.200000,0.000000,23,34,41,44,66,82,97,270,480,480,480,168,15,22,36.21810178559653,13.483899994753301,478.94699999596924,102.38095238095238
1777886364,50,,Aggregated,0.200000,0.000000,23,34,41,44,66,82,97,270,480,480,480,168,15,22,36.21810178559653,13.483899994753301,478.94699999596924,102.38095238095238
1777886365,50,,Aggregated,0.100000,0.100000,23,35,41,47,66,82,97,270,480,480,480,169,15,23,36.28221183420109,13.483899994753301,478.94699999596924,101.77514792899409
1777886366,50,,Aggregated,0.100000,0.100000,23,35,41,47,66,82,97,270,480,480,480,169,15,23,36.28221183420109,13.483899994753301,478.94699999596924,101.77514792899409
1777886367,50,,Aggregated,0.100000,0.100000,23,35,41,47,66,82,97,270,480,480,480,169,15,23,36.28221183420109,13.483899994753301,478.94699999596924,101.77514792899409
1777886368,50,,Aggregated,0.100000,0.100000,23,35,41,47,66,82,97,270,480,480,480,169,15,23,36.28221183420109,13.483899994753301,478.94699999596924,101.77514792899409
1777886369,50,,Aggregated,0.100000,0.100000,23,35,41,47,66,82,97,270,480,480,480,169,15,23,36.28221183420109,13.483899994753301,478.94699999596924,101.77514792899409
1777886370,50,,Aggregated,0.100000,0.100000,23,35,41,47,66,82,97,270,480,480,480,169,15,23,36.28221183420109,13.483899994753301,478.94699999596924,101.77514792899409
1777886371,50,,Aggregated,0.100000,0.100000,23,35,41,47,66,82,97,270,480,480,480,169,15,23,36.28221183420109,13.483899994753301,478.94699999596924,101.77514792899409
1777886372,50,,Aggregated,0.100000,0.100000,23,35,41,47,66,82,97,270,480,480,480,169,15,23,36.28221183420109,13.483899994753301,478.94699999596924,101.77514792899409
1777886373,50,,Aggregated,0.100000,0.000000,23,35,41,47,66,82,97,270,480,480,480,170,16,23,36.20389705867959,13.483899994753301,478.94699999596924,101.17647058823529
1777886374,50,,Aggregated,0.100000,0.000000,23,35,41,47,66,82,97,270,480,480,480,170,16,23,36.20389705867959,13.483899994753301,478.94699999596924,101.17647058823529
1777886375,50,,Aggregated,0.100000,0.000000,23,35,41,47,66,82,97,270,480,480,480,170,16,23,36.20389705867959,13.483899994753301,478.94699999596924,101.17647058823529
1777886376,50,,Aggregated,0.100000,0.000000,23,35,41,47,66,82,97,270,480,480,480,170,16,23,36.20389705867959,13.483899994753301,478.94699999596924,101.17647058823529
1777886377,50,,Aggregated,0.100000,0.000000,23,35,41,47,66,82,97,270,480,480,480,170,16,23,36.20389705867959,13.483899994753301,478.94699999596924,101.17647058823529
1777886378,50,,Aggregated,0.100000,0.100000,23,35,41,47,66,82,97,270,480,480,480,171,16,23,36.42188596472141,13.483899994753301,478.94699999596924,100.58479532163743
1777886379,50,,Aggregated,0.100000,0.100000,23,35,41,47,66,82,97,270,480,480,480,172,16,23,36.31813604628997,13.483899994753301,478.94699999596924,100.0
1777886380,50,,Aggregated,0.100000,0.100000,23,35,41,47,66,82,97,270,480,480,480,173,16,23,36.22668208071566,13.483899994753301,478.94699999596924,99.42196531791907
1777886381,50,,Aggregated,0.100000,0.100000,23,35,41,47,66,82,97,270,480,480,480,173,16,23,36.22668208071566,13.483899994753301,478.94699999596924,99.42196531791907
1777886382,50,,Aggregated,0.200000,0.100000,23,34,41,47,66,82,97,270,480,480,480,174,16,23,36.15486551698059,13.483899994753301,478.94699999596924,98.85057471264368
1777886383,50,,Aggregated,0.200000,0.100000,23,34,41,47,66,82,97,270,480,480,480,174,16,23,36.15486551698059,13.483899994753301,478.94699999596924,98.85057471264368
1777886384,50,,Aggregated,0.200000,0.100000,23,34,41,47,66,82,97,270,480,480,480,174,16,23,36.15486551698059,13.483899994753301,478.94699999596924,98.85057471264368
1777886385,50,,Aggregated,0.200000,0.100000,23,34,41,47,66,82,97,270,480,480,480,174,16,23,36.15486551698059,13.483899994753301,478.94699999596924,98.85057471264368
1777886386,50,,Aggregated,0.200000,0.100000,23,34,41,47,66,82,97,270,480,480,480,174,16,23,36.15486551698059,13.483899994753301,478.94699999596924,98.85057471264368
1777886387,50,,Aggregated,0.400000,0.000000,23,34,41,47,66,82,97,270,480,480,480,175,16,23,36.143439428331995,13.483899994753301,478.94699999596924,98.28571428571429
1777886388,50,,Aggregated,0.400000,0.000000,23,35,41,47,66,82,97,270,480,480,480,176,17,23,36.22523749973797,13.483899994753301,478.94699999596924,97.72727272727273
1777886389,50,,Aggregated,0.400000,0.000000,23,35,41,47,66,82,97,270,480,480,480,176,17,23,36.22523749973797,13.483899994753301,478.94699999596924,97.72727272727273
1777886390,50,,Aggregated,0.400000,0.000000,23,35,41,47,66,82,97,270,480,480,480,176,17,23,36.22523749973797,13.483899994753301,478.94699999596924,97.72727272727273
1777886391,50,,Aggregated,0.400000,0.000000,23,35,41,47,66,82,97,270,480,480,480,176,17,23,36.22523749973797,13.483899994753301,478.94699999596924,97.72727272727273
1777886392,50,,Aggregated,0.400000,0.000000,23,35,41,47,66,82,97,270,480,480,480,176,17,23,36.22523749973797,13.483899994753301,478.94699999596924,97.72727272727273
1777886393,50,,Aggregated,0.400000,0.000000,23,35,41,47,66,82,97,270,480,480,480,176,17,23,36.22523749973797,13.483899994753301,478.94699999596924,97.72727272727273
1777886394,50,,Aggregated,0.400000,0.000000,23,35,41,47,66,82,97,270,480,480,480,176,17,23,36.22523749973797,13.483899994753301,478.94699999596924,97.72727272727273
1777886395,50,,Aggregated,0.200000,0.100000,23,34,41,47,66,82,97,270,480,480,480,178,17,23,36.097147752576,13.483899994753301,478.94699999596924,96.62921348314607
1777886396,50,,Aggregated,0.200000,0.100000,23,34,41,47,66,82,97,270,480,480,480,178,17,23,36.097147752576,13.483899994753301,478.94699999596924,96.62921348314607
1777886397,50,,Aggregated,0.200000,0.100000,23,34,41,47,66,82,97,270,480,480,480,178,17,23,36.097147752576,13.483899994753301,478.94699999596924,96.62921348314607
1777886398,50,,Aggregated,0.200000,0.100000,23,34,41,47,66,82,97,270,480,480,480,178,17,23,36.097147752576,13.483899994753301,478.94699999596924,96.62921348314607
1777886399,50,,Aggregated,0.200000,0.100000,23,34,41,47,66,82,97,270,480,480,480,178,17,23,36.097147752576,13.483899994753301,478.94699999596924,96.62921348314607
1777886400,50,,Aggregated,0.200000,0.000000,23,34,41,47,66,82,97,270,480,480,480,179,17,23,36.07638938524487,13.483899994753301,478.94699999596924,96.08938547486034
1777886401,50,,Aggregated,0.200000,0.000000,23,34,41,47,66,82,97,270,480,480,480,179,17,23,36.07638938524487,13.483899994753301,478.94699999596924,96.08938547486034
1777886402,50,,Aggregated,0.200000,0.000000,23,34,41,47,66,82,97,270,480,480,480,179,17,23,36.07638938524487,13.483899994753301,478.94699999596924,96.08938547486034
1777886403,50,,Aggregated,0.200000,0.000000,23,34,41,47,66,82,97,270,480,480,480,179,17,23,36.07638938524487,13.483899994753301,478.94699999596924,96.08938547486034
1777886404,50,,Aggregated,0.200000,0.000000,23,34,41,47,66,82,97,270,480,480,480,179,17,23,36.07638938524487,13.483899994753301,478.94699999596924,96.08938547486034
1777886405,50,,Aggregated,0.300000,0.000000,23,34,41,47,66,82,97,270,480,480,480,180,17,23,36.011255555301126,13.483899994753301,478.94699999596924,95.55555555555556
1777886406,50,,Aggregated,0.300000,0.000000,23,34,41,47,66,82,97,270,480,480,480,180,17,23,36.011255555301126,13.483899994753301,478.94699999596924,95.55555555555556
1777886407,50,,Aggregated,0.300000,0.000000,23,34,41,47,66,82,97,270,480,480,480,180,17,23,36.011255555301126,13.483899994753301,478.94699999596924,95.55555555555556
1777886408,50,,Aggregated,0.300000,0.000000,23,34,41,47,66,82,97,270,480,480,480,180,17,23,36.011255555301126,13.483899994753301,478.94699999596924,95.55555555555556
1777886409,50,,Aggregated,0.200000,0.000000,23,34,41,44,66,78,97,270,480,480,480,181,17,23,35.91238287268194,13.483899994753301,478.94699999596924,95.02762430939227
1777886410,50,,Aggregated,0.200000,0.000000,23,34,41,44,66,78,97,270,480,480,480,181,17,23,35.91238287268194,13.483899994753301,478.94699999596924,95.02762430939227
1777886411,50,,Aggregated,0.200000,0.000000,23,34,41,44,66,78,97,270,480,480,480,181,17,23,35.91238287268194,13.483899994753301,478.94699999596924,95.02762430939227
1777886412,50,,Aggregated,0.200000,0.000000,23,34,41,44,66,78,97,270,480,480,480,181,17,23,35.91238287268194,13.483899994753301,478.94699999596924,95.02762430939227
1777886413,50,,Aggregated,0.200000,0.000000,23,34,41,44,66,78,97,270,480,480,480,181,17,23,35.91238287268194,13.483899994753301,478.94699999596924,95.02762430939227
1777886414,50,,Aggregated,0.200000,0.000000,23,34,41,44,66,78,97,270,480,480,480,181,17,23,35.91238287268194,13.483899994753301,478.94699999596924,95.02762430939227
1777886415,50,,Aggregated,0.200000,0.000000,23,34,41,44,66,78,97,270,480,480,480,181,17,23,35.91238287268194,13.483899994753301,478.94699999596924,95.02762430939227
1777886416,50,,Aggregated,0.200000,0.000000,23,34,41,44,66,78,97,270,480,480,480,181,17,23,35.91238287268194,13.483899994753301,478.94699999596924,95.02762430939227
1777886417,50,,Aggregated,0.200000,0.000000,23,34,41,44,66,78,97,270,480,480,480,181,17,23,35.91238287268194,13.483899994753301,478.94699999596924,95.02762430939227
1777886418,50,,Aggregated,0.100000,0.000000,23,34,41,47,66,82,97,270,480,480,480,182,17,23,36.24014395577283,13.483899994753301,478.94699999596924,94.50549450549451
1777886419,50,,Aggregated,0.100000,0.000000,23,34,41,47,66,82,97,270,480,480,480,182,17,23,36.24014395577283,13.483899994753301,478.94699999596924,94.50549450549451
1777886420,50,,Aggregated,0.100000,0.000000,23,34,41,47,66,82,97,270,480,480,480,182,17,23,36.24014395577283,13.483899994753301,478.94699999596924,94.50549450549451
1777886421,50,,Aggregated,0.100000,0.000000,23,34,41,47,66,82,97,270,480,480,480,182,17,23,36.24014395577283,13.483899994753301,478.94699999596924,94.50549450549451
1777886422,50,,Aggregated,0.100000,0.000000,23,34,41,47,66,82,97,270,480,480,480,182,17,23,36.24014395577283,13.483899994753301,478.94699999596924,94.50549450549451
1777886423,50,,Aggregated,0.100000,0.000000,23,34,41,47,66,82,97,270,480,480,480,183,18,23,36.22726120195947,13.483899994753301,478.94699999596924,93.98907103825137
1777886424,50,,Aggregated,0.100000,0.000000,23,34,41,47,66,82,97,270,480,480,480,183,18,23,36.22726120195947,13.483899994753301,478.94699999596924,93.98907103825137
1777886426,50,,Aggregated,0.100000,0.000000,23,34,41,47,66,82,97,270,480,480,480,185,18,23,36.04881513487812,13.483899994753301,478.94699999596924,92.97297297297297
1777886427,50,,Aggregated,0.100000,0.000000,23,34,41,47,66,82,97,270,480,480,480,185,18,23,36.04881513487812,13.483899994753301,478.94699999596924,92.97297297297297
1777886428,50,,Aggregated,0.100000,0.000000,23,34,41,47,66,82,97,270,480,480,480,185,18,23,36.04881513487812,13.483899994753301,478.94699999596924,92.97297297297297
1777886429,50,,Aggregated,0.100000,0.000000,23,34,41,47,66,82,97,270,480,480,480,185,18,23,36.04881513487812,13.483899994753301,478.94699999596924,92.97297297297297
1777886430,50,,Aggregated,0.100000,0.000000,23,34,41,47,66,82,97,270,480,480,480,185,18,23,36.04881513487812,13.483899994753301,478.94699999596924,92.97297297297297
1777886431,50,,Aggregated,0.100000,0.000000,23,34,41,47,66,82,97,270,480,480,480,185,18,23,36.04881513487812,13.483899994753301,478.94699999596924,92.97297297297297
1777886432,50,,Aggregated,0.100000,0.000000,23,34,41,47,66,82,97,270,480,480,480,185,18,23,36.04881513487812,13.483899994753301,478.94699999596924,92.97297297297297
1777886433,50,,Aggregated,0.100000,0.000000,23,34,41,47,66,82,97,270,480,480,480,185,18,23,36.04881513487812,13.483899994753301,478.94699999596924,92.97297297297297
1777886434,50,,Aggregated,0.100000,0.000000,23,34,41,47,66,82,97,270,480,480,480,185,18,23,36.04881513487812,13.483899994753301,478.94699999596924,92.97297297297297
1777886435,50,,Aggregated,0.300000,0.100000,23,34,41,44,66,82,97,270,480,480,480,186,19,23,35.93756290298501,13.483899994753301,478.94699999596924,92.47311827956989
1777886436,50,,Aggregated,0.300000,0.100000,23,34,41,44,66,82,97,270,480,480,480,186,19,23,35.93756290298501,13.483899994753301,478.94699999596924,92.47311827956989
1777886437,50,,Aggregated,0.300000,0.100000,23,34,41,44,66,82,97,270,480,480,480,186,19,23,35.93756290298501,13.483899994753301,478.94699999596924,92.47311827956989
1777886438,50,,Aggregated,0.300000,0.100000,23,34,41,44,66,82,97,270,480,480,480,186,19,23,35.93756290298501,13.483899994753301,478.94699999596924,92.47311827956989
1777886439,50,,Aggregated,0.300000,0.100000,23,34,41,44,66,82,97,270,480,480,480,186,19,23,35.93756290298501,13.483899994753301,478.94699999596924,92.47311827956989
1777886440,50,,Aggregated,0.300000,0.100000,23,34,41,44,66,82,97,270,480,480,480,186,19,23,35.93756290298501,13.483899994753301,478.94699999596924,92.47311827956989
1777886441,50,,Aggregated,0.300000,0.100000,23,34,41,44,66,82,97,270,480,480,480,186,19,23,35.93756290298501,13.483899994753301,478.94699999596924,92.47311827956989
1777886442,50,,Aggregated,0.300000,0.100000,23,34,41,44,66,82,97,270,480,480,480,186,19,23,35.93756290298501,13.483899994753301,478.94699999596924,92.47311827956989
1777886443,50,,Aggregated,0.300000,0.100000,23,34,41,44,66,82,97,270,480,480,480,186,19,23,35.93756290298501,13.483899994753301,478.94699999596924,92.47311827956989
1777886444,50,,Aggregated,0.300000,0.100000,23,34,41,44,66,82,97,270,480,480,480,186,19,23,35.93756290298501,13.483899994753301,478.94699999596924,92.47311827956989
1777886445,50,,Aggregated,0.300000,0.100000,23,34,41,44,66,82,97,270,480,480,480,186,19,23,35.93756290298501,13.483899994753301,478.94699999596924,92.47311827956989
1777886446,50,,Aggregated,0.300000,0.100000,23,34,41,44,66,82,97,270,480,480,480,186,19,23,35.93756290298501,13.483899994753301,478.94699999596924,92.47311827956989
1777886447,50,,Aggregated,0.300000,0.100000,23,34,41,44,66,82,97,270,480,480,480,186,19,23,35.93756290298501,13.483899994753301,478.94699999596924,92.47311827956989
1777886448,50,,Aggregated,0.300000,0.100000,23,34,41,44,66,82,97,270,480,480,480,186,19,23,35.93756290298501,13.483899994753301,478.94699999596924,92.47311827956989
1777886449,50,,Aggregated,0.300000,0.100000,23,34,41,44,66,82,97,270,480,480,480,186,19,23,35.93756290298501,13.483899994753301,478.94699999596924,92.47311827956989
1777886450,50,,Aggregated,0.300000,0.100000,23,34,41,44,66,82,97,270,480,480,480,186,19,23,35.93756290298501,13.483899994753301,478.94699999596924,92.47311827956989
1777886451,50,,Aggregated,0.000000,0.000000,23,34,41,44,66,82,97,270,480,480,480,187,19,23,35.84369679120429,13.483899994753301,478.94699999596924,91.97860962566845
1777886452,50,,Aggregated,0.000000,0.000000,23,34,41,44,66,82,97,270,480,480,480,188,19,23,35.759087765751595,13.483899994753301,478.94699999596924,91.48936170212765
1777886453,50,,Aggregated,0.000000,0.000000,23,34,41,44,66,82,97,270,480,480,480,188,19,23,35.759087765751595,13.483899994753301,478.94699999596924,91.48936170212765
1777886454,50,,Aggregated,0.100000,0.000000,23,34,41,44,66,82,97,270,480,480,480,189,20,23,35.71611164002519,13.483899994753301,478.94699999596924,91.005291005291
1777886455,50,,Aggregated,0.200000,0.000000,23,34,41,44,66,82,97,270,480,480,480,190,20,23,35.63145263140445,13.483899994753301,478.94699999596924,90.52631578947368
1777886456,50,,Aggregated,0.200000,0.000000,23,34,41,44,66,83,120,480,540,540,540,192,21,23,38.2081911457135,13.483899994753301,544.0872000035597,89.58333333333333
1777886457,50,,Aggregated,0.200000,0.000000,23,34,41,44,66,83,120,480,540,540,540,192,21,23,38.2081911457135,13.483899994753301,544.0872000035597,89.58333333333333
1777886458,50,,Aggregated,0.200000,0.000000,23,34,41,44,66,83,120,480,540,540,540,192,21,23,38.2081911457135,13.483899994753301,544.0872000035597,89.58333333333333
1777886459,50,,Aggregated,0.200000,0.000000,23,34,41,44,66,83,120,480,540,540,540,192,21,23,38.2081911457135,13.483899994753301,544.0872000035597,89.58333333333333
1777886460,50,,Aggregated,0.600000,0.200000,23,34,41,44,66,83,120,480,540,540,540,193,21,23,38.133182383288386,13.483899994753301,544.0872000035597,89.11917098445596
1777886461,50,,Aggregated,0.600000,0.200000,23,34,41,47,69,83,120,480,540,540,540,194,21,23,38.305699484367,13.483899994753301,544.0872000035597,88.65979381443299
1777886462,50,,Aggregated,0.600000,0.200000,23,34,41,47,69,83,120,480,540,540,540,194,21,23,38.305699484367,13.483899994753301,544.0872000035597,88.65979381443299
1777886463,50,,Aggregated,0.600000,0.200000,23,34,41,47,69,83,120,480,540,540,540,194,21,23,38.305699484367,13.483899994753301,544.0872000035597,88.65979381443299
1777886464,50,,Aggregated,0.600000,0.200000,23,34,41,47,69,83,120,480,540,540,540,195,21,23,38.28011692288177,13.483899994753301,544.0872000035597,88.2051282051282
1777886465,50,,Aggregated,0.600000,0.200000,23,34,41,47,69,83,120,480,540,540,540,195,21,23,38.28011692288177,13.483899994753301,544.0872000035597,88.2051282051282
1777886466,50,,Aggregated,0.600000,0.200000,23,34,41,47,69,83,120,480,540,540,540,195,21,23,38.28011692288177,13.483899994753301,544.0872000035597,88.2051282051282
1777886467,50,,Aggregated,0.600000,0.200000,23,34,41,47,69,83,120,480,540,540,540,195,21,23,38.28011692288177,13.483899994753301,544.0872000035597,88.2051282051282
1777886468,50,,Aggregated,0.600000,0.200000,23,34,41,47,69,83,120,480,540,540,540,195,21,23,38.28011692288177,13.483899994753301,544.0872000035597,88.2051282051282
1777886469,50,,Aggregated,0.600000,0.200000,23,34,41,47,69,83,120,480,540,540,540,195,21,23,38.28011692288177,13.483899994753301,544.0872000035597,88.2051282051282
1777886470,50,,Aggregated,0.300000,0.000000,23,34,41,47,69,83,120,480,540,540,540,197,21,23,38.42898071043283,13.483899994753301,544.0872000035597,87.30964467005076
1777886471,50,,Aggregated,0.300000,0.000000,23,34,41,47,69,83,120,480,540,540,540,197,21,23,38.42898071043283,13.483899994753301,544.0872000035597,87.30964467005076
1777886472,50,,Aggregated,0.300000,0.000000,23,34,41,47,69,83,120,480,540,540,540,197,21,23,38.42898071043283,13.483899994753301,544.0872000035597,87.30964467005076
1777886473,50,,Aggregated,0.300000,0.000000,23,34,41,47,69,83,120,480,540,540,540,197,21,23,38.42898071043283,13.483899994753301,544.0872000035597,87.30964467005076
1777886474,50,,Aggregated,0.300000,0.000000,23,34,41,47,69,83,120,480,540,540,540,197,21,23,38.42898071043283,13.483899994753301,544.0872000035597,87.30964467005076
1777886475,50,,Aggregated,0.300000,0.000000,23,34,41,47,69,83,120,480,540,540,540,197,21,23,38.42898071043283,13.483899994753301,544.0872000035597,87.30964467005076
1777886476,50,,Aggregated,0.300000,0.000000,23,34,41,47,69,83,120,480,540,540,540,197,21,23,38.42898071043283,13.483899994753301,544.0872000035597,87.30964467005076
1777886477,50,,Aggregated,0.300000,0.000000,23,34,41,47,69,83,120,480,540,540,540,197,21,23,38.42898071043283,13.483899994753301,544.0872000035597,87.30964467005076
1777886478,50,,Aggregated,0.300000,0.000000,23,34,41,47,69,83,120,480,540,540,540,197,21,23,38.42898071043283,13.483899994753301,544.0872000035597,87.30964467005076
1777886479,50,,Aggregated,0.300000,0.000000,23,34,41,47,69,83,120,480,540,540,540,197,21,23,38.42898071043283,13.483899994753301,544.0872000035597,87.30964467005076
1777886480,50,,Aggregated,0.300000,0.000000,23,34,41,47,69,83,120,480,540,540,540,197,21,23,38.42898071043283,13.483899994753301,544.0872000035597,87.30964467005076
1777886481,50,,Aggregated,0.300000,0.000000,23,34,41,47,69,83,120,480,540,540,540,197,21,23,38.42898071043283,13.483899994753301,544.0872000035597,87.30964467005076
1777886482,50,,Aggregated,0.300000,0.000000,23,34,41,47,69,83,120,480,540,540,540,197,21,23,38.42898071043283,13.483899994753301,544.0872000035597,87.30964467005076
1777886483,50,,Aggregated,0.000000,0.000000,23,34,41,47,69,83,120,480,540,540,540,198,22,23,38.35248181793658,13.483899994753301,544.0872000035597,86.86868686868686
1777886484,50,,Aggregated,0.000000,0.000000,23,34,41,47,69,83,120,480,540,540,540,198,22,23,38.35248181793658,13.483899994753301,544.0872000035597,86.86868686868686
1777886485,50,,Aggregated,0.000000,0.000000,23,34,41,47,69,83,120,480,540,540,540,198,22,23,38.35248181793658,13.483899994753301,544.0872000035597,86.86868686868686
1777886486,50,,Aggregated,0.000000,0.000000,23,34,41,47,69,83,120,480,540,540,540,198,22,23,38.35248181793658,13.483899994753301,544.0872000035597,86.86868686868686
1777886487,50,,Aggregated,0.000000,0.000000,23,34,41,47,69,83,120,480,540,540,540,198,22,23,38.35248181793658,13.483899994753301,544.0872000035597,86.86868686868686
1777886488,50,,Aggregated,0.000000,0.000000,23,34,41,47,69,83,120,480,540,540,540,198,22,23,38.35248181793658,13.483899994753301,544.0872000035597,86.86868686868686
1777886489,50,,Aggregated,0.000000,0.000000,23,34,41,47,69,83,120,480,540,540,540,198,22,23,38.35248181793658,13.483899994753301,544.0872000035597,86.86868686868686
1777886490,50,,Aggregated,0.100000,0.100000,23,34,41,47,69,83,120,480,540,540,540,199,22,23,38.30943165809716,13.483899994753301,544.0872000035597,86.4321608040201
1777886491,50,,Aggregated,0.100000,0.100000,23,34,41,47,69,83,120,480,540,540,540,199,22,23,38.30943165809716,13.483899994753301,544.0872000035597,86.4321608040201
1777886492,50,,Aggregated,0.100000,0.100000,23,34,41,47,69,83,120,480,540,540,540,199,22,23,38.30943165809716,13.483899994753301,544.0872000035597,86.4321608040201
1777886493,50,,Aggregated,0.100000,0.100000,23,34,41,47,69,83,120,480,540,540,540,200,23,23,38.21275649985182,13.483899994753301,544.0872000035597,86.0
1777886494,50,,Aggregated,0.200000,0.100000,23,34,41,47,69,83,97,270,540,540,540,201,23,23,38.49500696505223,13.483899994753301,544.0872000035597,85.57213930348259
1777886495,50,,Aggregated,0.200000,0.100000,23,34,41,47,69,83,97,270,540,540,540,201,23,23,38.49500696505223,13.483899994753301,544.0872000035597,85.57213930348259
1777886496,50,,Aggregated,0.200000,0.100000,23,34,41,47,69,83,97,270,540,540,540,201,23,23,38.49500696505223,13.483899994753301,544.0872000035597,85.57213930348259
1777886497,50,,Aggregated,0.200000,0.100000,23,34,41,47,69,83,97,270,540,540,540,201,23,23,38.49500696505223,13.483899994753301,544.0872000035597,85.57213930348259
1777886498,50,,Aggregated,0.200000,0.100000,23,34,41,47,69,83,97,270,540,540,540,201,23,23,38.49500696505223,13.483899994753301,544.0872000035597,85.57213930348259
1777886499,50,,Aggregated,0.200000,0.100000,23,34,41,47,69,83,97,270,540,540,540,201,23,23,38.49500696505223,13.483899994753301,544.0872000035597,85.57213930348259
1777886500,50,,Aggregated,0.200000,0.100000,23,34,41,47,69,83,97,270,540,540,540,201,23,23,38.49500696505223,13.483899994753301,544.0872000035597,85.57213930348259
1777886501,50,,Aggregated,0.300000,0.100000,23,34,41,47,69,83,97,270,540,540,540,202,24,23,38.39951732660134,13.483899994753301,544.0872000035597,85.14851485148515
1777886502,50,,Aggregated,0.300000,0.100000,23,34,41,47,69,83,97,270,540,540,540,203,24,23,38.299899999903324,13.483899994753301,544.0872000035597,84.72906403940887
1777886503,50,,Aggregated,0.300000,0.100000,23,34,41,47,69,83,97,270,540,540,540,203,24,23,38.299899999903324,13.483899994753301,544.0872000035597,84.72906403940887
1777886504,50,,Aggregated,0.300000,0.100000,23,34,41,47,69,83,97,270,540,540,540,203,24,23,38.299899999903324,13.483899994753301,544.0872000035597,84.72906403940887
1777886505,50,,Aggregated,0.300000,0.100000,23,34,41,47,69,83,97,270,540,540,540,203,24,23,38.299899999903324,13.483899994753301,544.0872000035597,84.72906403940887
1777886506,50,,Aggregated,0.300000,0.100000,23,34,41,47,69,83,97,270,540,540,540,205,24,23,38.143948780403974,13.483899994753301,544.0872000035597,83.90243902439025
1777886507,50,,Aggregated,0.300000,0.100000,23,34,41,47,69,83,97,270,540,540,540,205,24,23,38.143948780403974,13.483899994753301,544.0872000035597,83.90243902439025
1777886508,50,,Aggregated,0.300000,0.100000,23,34,41,47,69,83,97,270,540,540,540,205,24,23,38.143948780403974,13.483899994753301,544.0872000035597,83.90243902439025
1777886509,50,,Aggregated,0.300000,0.100000,23,34,41,47,69,83,97,270,540,540,540,205,24,23,38.143948780403974,13.483899994753301,544.0872000035597,83.90243902439025
1777886510,50,,Aggregated,0.300000,0.100000,23,34,41,47,69,83,97,270,540,540,540,205,24,23,38.143948780403974,13.483899994753301,544.0872000035597,83.90243902439025
1777886511,50,,Aggregated,0.400000,0.100000,23,34,41,45,69,83,97,270,540,540,540,206,24,23,38.177867475611684,13.483899994753301,544.0872000035597,83.49514563106796
1777886512,50,,Aggregated,0.400000,0.100000,23,34,41,45,69,83,97,270,540,540,540,206,24,23,38.177867475611684,13.483899994753301,544.0872000035597,83.49514563106796
1777886513,50,,Aggregated,0.400000,0.100000,23,34,41,45,69,83,97,270,540,540,540,206,24,23,38.177867475611684,13.483899994753301,544.0872000035597,83.49514563106796
1777886514,50,,Aggregated,0.400000,0.100000,23,34,41,45,69,83,97,270,540,540,540,206,24,23,38.177867475611684,13.483899994753301,544.0872000035597,83.49514563106796
1777886515,50,,Aggregated,0.400000,0.100000,23,34,41,45,69,83,97,270,540,540,540,206,24,23,38.177867475611684,13.483899994753301,544.0872000035597,83.49514563106796
1777886516,50,,Aggregated,0.400000,0.100000,23,34,41,45,69,83,97,270,540,540,540,206,24,23,38.177867475611684,13.483899994753301,544.0872000035597,83.49514563106796
1777886517,50,,Aggregated,0.400000,0.100000,23,34,41,45,69,83,97,270,540,540,540,206,24,23,38.177867475611684,13.483899994753301,544.0872000035597,83.49514563106796
1777886519,50,,Aggregated,0.400000,0.100000,23,34,41,45,69,83,97,270,540,540,540,206,24,23,38.177867475611684,13.483899994753301,544.0872000035597,83.49514563106796
1777886520,50,,Aggregated,0.100000,0.000000,23,34,41,45,69,83,97,270,540,540,540,207,24,23,38.113752173755884,13.483899994753301,544.0872000035597,83.09178743961353
1777886521,50,,Aggregated,0.100000,0.000000,23,34,41,45,69,83,97,270,540,540,540,207,24,23,38.113752173755884,13.483899994753301,544.0872000035597,83.09178743961353
1777886522,50,,Aggregated,0.100000,0.000000,23,33,41,45,69,83,97,270,540,540,540,209,24,23,37.97562344482394,13.483899994753301,544.0872000035597,82.29665071770334
1777886523,50,,Aggregated,0.100000,0.000000,23,33,41,45,69,83,97,270,540,540,540,209,24,23,37.97562344482394,13.483899994753301,544.0872000035597,82.29665071770334
1777886524,50,,Aggregated,0.200000,0.000000,23,33,41,45,69,83,97,270,540,540,540,210,25,23,37.90340666649475,13.483899994753301,544.0872000035597,81.9047619047619
1777886525,50,,Aggregated,0.200000,0.000000,23,33,41,45,69,83,97,270,540,540,540,210,25,23,37.90340666649475,13.483899994753301,544.0872000035597,81.9047619047619
1777886526,50,,Aggregated,0.200000,0.000000,23,33,41,45,69,83,97,270,540,540,540,210,25,23,37.90340666649475,13.483899994753301,544.0872000035597,81.9047619047619
1777886527,50,,Aggregated,0.400000,0.100000,23,34,41,44,68,83,97,270,540,540,540,211,26,23,37.90546635053257,13.483899994753301,544.0872000035597,81.51658767772511
1777886528,50,,Aggregated,0.400000,0.100000,23,33,41,44,68,83,97,270,540,540,540,212,27,23,37.850774999791405,13.483899994753301,544.0872000035597,81.13207547169812
1777886529,50,,Aggregated,0.400000,0.100000,23,33,41,44,68,83,97,270,540,540,540,212,27,23,37.850774999791405,13.483899994753301,544.0872000035597,81.13207547169812
1777886530,50,,Aggregated,0.400000,0.100000,23,33,41,44,68,83,97,270,540,540,540,212,27,23,37.850774999791405,13.483899994753301,544.0872000035597,81.13207547169812
1777886531,50,,Aggregated,0.600000,0.300000,23,33,40,44,68,83,97,270,540,540,540,213,27,23,37.79399577441337,13.483899994753301,544.0872000035597,80.75117370892019
1777886532,50,,Aggregated,0.600000,0.300000,23,33,40,44,68,83,97,270,540,540,540,213,27,23,37.79399577441337,13.483899994753301,544.0872000035597,80.75117370892019
1777886533,50,,Aggregated,0.600000,0.300000,23,33,40,44,68,83,97,270,540,540,540,213,27,23,37.79399577441337,13.483899994753301,544.0872000035597,80.75117370892019
1777886534,50,,Aggregated,0.600000,0.300000,23,33,40,44,68,83,97,270,540,540,540,213,27,23,37.79399577441337,13.483899994753301,544.0872000035597,80.75117370892019
