timestamp,concurrent_users,test_type,question_category,question,answer,response_time_ms,ttff_ms,status_code,status
2026-05-05T09:14:54.456445,37,load,Direct,"If software classified as strategic goods technology is hosted on a server in Singapore for global download, what authorisations are required under Singapore's Strategic Goods (Control) regime?","I am unable to retrieve sufficient information regarding this subject matter. For further guidance, please click on the 'Email' button on the bottom right corner of the screen to arrange for a call or a one-to-one advisory session. Our specialists can offer tailored insights based on your product and trade needs, and help you address any related queries or challenges.",16657.59,16651.53,200,Success
2026-05-05T09:15:05.579757,40,load,Indirect,"We import cotton fabric (HS 5208) from India into Singapore, dye and cut it here, then export garments to the EU. How do we determine origin under RCEP and EU-Singapore FTA, and what documentation do ","Thank you for your enquiry regarding the origin determination and documentation requirements for your multi-leg trade operation involving cotton fabric processing in Singapore.

To provide you with accurate guidance on origin determination under RCEP and the EU-Singapore FTA, as well as the specific documentation requirements for both trade legs, I need some additional information:

## Required Information:

1. **Specific EU destination country**: You mentioned ""EU"" as the destination. Could you",33822.14,14582.46,200,Success
2026-05-05T09:15:23.839798,40,load,Direct,"If software classified as strategic goods technology is hosted on a server in Singapore for global download, what authorisations are required under Singapore's Strategic Goods (Control) regime?","I am unable to retrieve sufficient information regarding this subject matter. For further guidance, please click on the 'Email' button on the bottom right corner of the screen to arrange for a call or a one-to-one advisory session. Our specialists can offer tailored insights based on your product and trade needs, and help you address any related queries or challenges.",26838.82,10040.76,200,Success
2026-05-05T09:15:42.532377,40,load,Indirect,"Can we use exporter self-certification under the UK-Singapore FTA for our exports of pharmaceutical products (HS 3004), and what are the exact conditions and record-keeping requirements?","Thank you for your enquiry about exporter self-certification under the UK-Singapore FTA for pharmaceutical products (HS 3004).

To provide you with accurate information about self-certification eligibility, conditions, and record-keeping requirements, I need to clarify the following:

### Missing Information Required:

**Required:**
1. **Trade direction**: Are you exporting FROM Singapore TO the United Kingdom, or FROM the United Kingdom TO Singapore?
2. **More specific HS code**: HS code 3004 i",52590.03,10047.21,200,Success
2026-05-05T09:15:49.946149,40,load,Direct,How do I check if my product qualifies for zero tariff under RCEP?,,55988.55,10049.34,200,Error - Empty Response
2026-05-05T09:15:50.685101,40,load,Direct,I am exporting t-shirts with HS code 6109.10.00.14 from Colombia to the US. What tariffs apply?,"# Tariff Information for T-Shirts (HS Code 6109.10.00.14) from Colombia to the United States

## Input Information
- **HS Code**: 6109.10.00.14
- **Product**: T-shirts
- **Country of Origin**: Colombia
- **Country of Destination**: United States

---

## Applicable Duties and Tariffs

Based on official tariff data retrieved from Mendel, the following duties and tariffs apply to your export:

### 1. **Customs Duties**

| Duty Type | Rate | Conditions | Notes |
|-----------|------|------------|---",89061.24,5010.41,200,Success
2026-05-05T09:16:07.741965,40,load,Indirect,"What is the PCO application process for the export of my product with HS code 3924.90.90 from Singapore to Vietnam with an estimated export value of 5,000 SGD under the ATIGA FTA?","I am unable to retrieve sufficient information regarding this subject matter. For further guidance, please click on the 'Email' button on the bottom right corner of the screen to arrange for a call or a one-to-one advisory session. Our specialists can offer tailored insights based on your product and trade needs, and help you address any related queries or challenges.",39702.47,10056.73,200,Success
2026-05-05T09:16:13.077440,40,load,Indirect,"We import cotton fabric (HS 5208) from India into Singapore, dye and cut it here, then export garments to the EU. How do we determine origin under RCEP and EU-Singapore FTA, and what documentation do ","Thank you for providing additional context about your trade scenario. To provide you with accurate guidance on origin determination under RCEP and the EU-Singapore FTA, as well as the specific documentation requirements for both trade legs, I need the following critical information:

---

## Required Information:

### 1. **Specific EU Destination Country**
You mentioned ""EU"" as the destination. The EU consists of multiple member states, and I need to know the specific country to retrieve accurat",65310.45,10052.77,200,Success
2026-05-05T09:16:16.141374,40,load,Indirect,We import Korean cosmetics (HS 3304) under RCEP into Singapore and re-export to Japan with no further processing. Can we apply for a back-to-back RCEP certificate?,"**Yes, you can apply for a back-to-back RCEP certificate** for re-exporting Korean cosmetics (HS 3304) from Singapore to Japan with no further processing. Your scenario meets the requirements under RCEP Article 3.19.

### Key Requirements for Back-to-Back RCEP Certificate

According to **RCEP Article 3.19 (Back-to-Back Proof of Origin)**, an issuing body, approved exporter, or exporter in Singapore (the intermediate Party) may issue a back-to-back Proof of Origin provided that:

| Requirement | ",112447.61,3129.51,200,Success
2026-05-05T09:16:16.142784,40,load,Indirect,Can we ship goods directly from China to Indonesia with a Singapore invoice and still claim ACFTA preference?,"### Can you ship goods directly from China to Indonesia with a Singapore invoice and claim ACFTA preference?

**Yes, you can**, but there are specific requirements you must meet:

### Third Party Invoicing under ACFTA

According to **ACFTA Rule 23** (Revised Operational Certification Procedures for the Rules of Origin):

> ""The Customs Authority of the importing Party shall accept a Certificate of Origin (Form E) in cases where the sales invoice is issued either by a company located in a third c",100396.79,6638.79,200,Success
2026-05-05T09:16:35.250172,40,load,Indirect,Can we ship goods directly from China to Indonesia with a Singapore invoice and still claim ACFTA preference?,"### Can you ship goods directly from China to Indonesia with a Singapore invoice and still claim ACFTA preference?

**Yes, you can ship goods directly from China to Indonesia with a Singapore invoice and still claim ACFTA preferential tariff treatment**, provided you meet the specific requirements outlined below.

### Key Requirements under ACFTA Rule 23 (Third Country Invoicing):

According to **ACFTA's Revised Operational Certification Procedures (OCP) for the Rules of Origin, Rule 23**, the C",112399.76,10125.37,200,Success
2026-05-05T09:16:42.742010,40,load,Indirect,"We are considering moving some production from China to Singapore to benefit from FTAs. For electronics (HS 8517), what origin criteria apply under RCEP and CPTPP, and what percentage of value must be","Based on my research into the RCEP and CPTPP agreements for electronics under HS 8517 (telephone sets, including smartphones and other telephones for cellular networks or for other wireless networks; other apparatus for the transmission or reception of voice, images or other data), I need to provide you with an important update on my findings.

## Current Analysis

### What I Found:

**HS Code 8517 Description (from Mendel):**
Telephone sets, including smartphones and other telephones for cellul",143114.22,4256.09,200,Success
2026-05-05T09:16:43.504329,40,load,Indirect,"We have an existing PCO but the importer says the HS code on the certificate does not match their customs declaration. How do we correct or reissue the certificate, and will it affect the validity per","# PCO Correction/Reissuance for HS Code Mismatch

Thank you for your enquiry regarding the correction or reissuance of a Preferential Certificate of Origin (PCO) due to an HS code mismatch.

## Current Situation Analysis

You have an existing PCO, but the importer has identified that the HS code on the certificate does not match their customs declaration. This is an important compliance matter that needs to be addressed through the proper amendment or reissuance procedures.

## Available Informa",121692.34,10036.89,200,Success
2026-05-05T09:16:54.532803,40,load,Indirect,Can we ship goods directly from China to Indonesia with a Singapore invoice and still claim ACFTA preference?,"**Yes, you can ship goods directly from China to Indonesia with a Singapore invoice and still claim ACFTA preference**, provided you meet specific requirements under ACFTA rules.

### Key Requirements:

#### 1. **Direct Consignment Rule (Rule 8)**
The goods must be consigned directly from China (exporting Party) to Indonesia (importing Party). Under ACFTA, direct consignment is satisfied if:

- The products are transported passing through the territory of any other ACFTA member states; **OR**
- ",116749.56,10057.99,200,Success
2026-05-05T09:16:54.707096,40,load,Direct,I have an energy product with HS code 2710.12.15.10 that is made in Canada and to be exported to the US. My goods do not meet the rules of origin under the USMCA. What is the tariff?,"I am unable to retrieve sufficient information regarding this subject matter. For further guidance, please click on the 'Email' button on the bottom right corner of the screen to arrange for a call or a one-to-one advisory session. Our specialists can offer tailored insights based on your product and trade needs, and help you address any related queries or challenges.",39524.62,10054.83,200,Success
2026-05-05T09:16:56.950823,40,load,Direct,I am exporting salmon with HS code 0303.11 from Norway to the US. What tariffs apply?,"# Tariff Information for Salmon Export from Norway to United States

## Your Query Details
- **HS Code:** 0303.11
- **Product:** Frozen salmon
- **Country of Origin:** Norway
- **Destination:** United States
- **Source:** Mendel

---

## Customs Duties

| Duty Type | Rate | Conditions | Description |
|-----------|------|------------|-------------|
| **MFN (Most Favoured Nation)** | **Free (0%)** | None | Regular customs tariff rate applicable to Norway |
| **UCD (Universal Customs Duty)** | **10",140203.66,19887.79,200,Success
2026-05-05T09:17:14.519966,40,load,Direct,"My company exports an energy resource with HS code 2710.12.18.05 from Mexico to the US, will there be additional tariffs?","# Tariff Information for HS Code 2710.12.18.05: Mexico to United States

## Trade Route Summary
- **Product:** Petroleum oils and oils obtained from bituminous minerals (HS Code 2710.12.18.05)
- **Origin:** Mexico
- **Destination:** United States
- **Information Retrieved:** May 5, 2026

---

## Customs Duty Rates

Your energy resource may be subject to the following duty rates when imported into the United States:

| Tariff Scheme | Duty Rate | Conditions |
|---------------|-----------|--------",147680.62,10038.54,200,Success
2026-05-05T09:17:16.062149,40,load,Indirect,Can we ship goods directly from China to Indonesia with a Singapore invoice and still claim ACFTA preference?,"### Can you ship goods directly from China to Indonesia with a Singapore invoice and still claim ACFTA preference?

**Yes, you can claim ACFTA preference under this arrangement**, but you must comply with specific requirements:

---

### **Third Country Invoicing Requirements under ACFTA**

According to **ACFTA Rule 23** (Revised Operational Certification Procedures for the Rules of Origin):

The Customs Authority of the importing Party (Indonesia) shall accept a Certificate of Origin (Form E) i",163309.57,4838.41,200,Success
2026-05-05T09:17:17.861020,40,load,Indirect,We import Korean cosmetics (HS 3304) under RCEP into Singapore and re-export to Japan with no further processing. Can we apply for a back-to-back RCEP certificate?,"## Can You Apply for a Back-to-Back RCEP Certificate?

**Yes, you can apply for a back-to-back RCEP certificate** for re-exporting Korean cosmetics (HS 3304) from Singapore to Japan with no further processing, provided you meet all the required conditions.

---

## Key Requirements for Back-to-Back RCEP Certificate

Based on **RCEP Article 3.19 (Back-to-Back Proof of Origin)** from the CFOTI Knowledge Base, an issuing body, approved exporter, or exporter of an intermediate Party (Singapore in yo",179193.01,4786.88,200,Success
2026-05-05T09:17:18.264857,40,load,Direct,What is the difference between a Certificate of Origin and a Preferential Certificate of Origin?,"### Difference Between Certificate of Origin and Preferential Certificate of Origin

There are two main types of Certificates of Origin used in international trade, each serving different purposes:

---

#### **1. Certificate of Origin (CO) / Ordinary Certificate of Origin (OCO) / Non-Preferential Certificate of Origin**

**Purpose:**
- A generic trade document that certifies the country where goods were obtained or substantially transformed
- Used for customs clearance, statistical purposes, or",172595.37,5633.8,200,Success
2026-05-05T09:17:35.636533,40,load,Direct,How do I check if my product qualifies for zero tariff under RCEP?,"# How to Check if Your Product Qualifies for Zero Tariff Under RCEP

To determine if your product qualifies for zero tariff under the Regional Comprehensive Economic Partnership (RCEP), you need to follow a systematic verification process. Here's a comprehensive guide based on RCEP regulations:

---

## **Step 1: Gather Essential Information**

Before checking eligibility, you must have the following information:

| Required Information | Purpose |
|---------------------|---------|
| **HS Code**",181895.04,5961.88,200,Success
2026-05-05T09:17:37.508934,40,load,Indirect,"We export organic fertiliser (HS 3101) from Singapore to New Zealand. Under CPTPP, what are the rules of origin and any product-specific requirements we must meet?","# CPTPP Rules of Origin for Organic Fertiliser (HS 3101)
**Export Route:** Singapore → New Zealand

---

## Rules of Origin Under CPTPP

Based on the official tariff and rules of origin data, your organic fertiliser classified under HS Code 3101 can qualify as originating under CPTPP through the following rules:

### Primary Product-Specific Rule

**Change in Tariff Classification (CTC):**
- A change to a good of heading 31.01 from any other heading

This means your fertiliser qualifies as origi",189798.1,6267.52,200,Success
2026-05-05T09:17:45.138492,40,load,Indirect,"We have an existing PCO but the importer says the HS code on the certificate does not match their customs declaration. How do we correct or reissue the certificate, and will it affect the validity per","# PCO Correction and Reissuance for HS Code Mismatch

Thank you for your inquiry regarding the correction or reissuance of a Preferential Certificate of Origin (PCO) due to an HS code mismatch between the certificate and the importer's customs declaration.

---

## General Guidance on Certificate Correction/Reissuance

When a PCO contains incorrect information (such as an HS code error), most Free Trade Agreements (FTAs) allow for **retroactive issuance** or **replacement** of the certificate. H",200472.99,6623.74,200,Success
2026-05-05T09:17:55.057106,40,load,Indirect,I import brooms with HS code 9603.10.20 from China to Singapore and would like to re-export to Malaysia. Am I eligible for any FTAs?,"# Back-to-Back PCO Eligibility Assessment

## Your Query Summary
You are importing brooms (HS Code 9603.10.20) from **China** to **Singapore** and wish to re-export to **Malaysia**. You are asking about eligibility for Free Trade Agreements (FTAs), specifically for Back-to-Back Preferential Certificate of Origin (B2B PCO) purposes.

---

## Analysis Based on Current Information

### 1. Tariff Information (Source: Mendel)

**Product:** Brooms, HS Code 9603.10.20  
**Origin:** China  
**Final Dest",214438.51,5780.41,200,Success
2026-05-05T09:17:58.588829,40,load,Direct,What is the difference between a Certificate of Origin and a Preferential Certificate of Origin?,"I am unable to retrieve sufficient information regarding this subject matter. For further guidance, please click on the 'Email' button on the bottom right corner of the screen to arrange for a call or a one-to-one advisory session. Our specialists can offer tailored insights based on your product and trade needs, and help you address any related queries or challenges.",60998.2,10049.85,200,Success
2026-05-05T09:17:58.613338,40,load,Indirect,"We manufacture plastic containers (HS 3924) in Singapore using resin from Saudi Arabia and additives from Malaysia. How do we prove origin under ATIGA for export to Vietnam, and which FTA gives the be","# Response to Your Query on ATIGA Origin and FTA Tariff Comparison

Thank you for your enquiry regarding plastic containers (HS 3924) manufactured in Singapore using resin from Saudi Arabia and additives from Malaysia for export to Vietnam.

---

## 1. How to Prove Origin Under ATIGA for Export to Vietnam

### ATIGA Origin Criteria Available

Based on the **Rules of Origin from Mendel** (Singapore to Vietnam, HS 3924), your plastic containers can qualify as originating goods under ATIGA through ",215811.22,5647.37,200,Success
2026-05-05T09:17:59.828178,40,load,Indirect,"If our PCO application is rejected by Singapore Customs due to insufficient supporting documents, what can we do to rectify and reapply, and how long does the appeal or correction process take?","## What to Do When Your PCO Application is Rejected Due to Insufficient Supporting Documents

Based on the information retrieved from Singapore Customs procedures and TradeNet guidelines, here is what you can do to rectify and reapply when your PCO application is rejected:

### Steps to Rectify and Reapply

**1. Identify the Rejection Reason**

When your PCO application is shown as ""Rejected"" in TradeNet, you will receive an error code (e.g., DCS ERROR or CA/SC REJECT) along with the specific re",222086.7,2980.76,200,Success
2026-05-05T09:17:59.900700,40,load,Indirect,"We are considering moving some production from China to Singapore to benefit from FTAs. For electronics (HS 8517), what origin criteria apply under RCEP and CPTPP, and what percentage of value must be","## Origin Criteria for Electronics (HS 8517) under RCEP and CPTPP

Based on my research into the CFOTI Knowledge Base, I can provide you with the following information regarding origin criteria for electronics classified under HS 8517 (telephone sets, including smartphones and other telephones for cellular networks or wireless networks):

### Key Findings

**1. FTA Applicability**
Both China and Singapore are members of RCEP, which makes this FTA applicable for your production relocation scenari",205159.24,8425.24,200,Success
2026-05-05T09:18:00.958634,40,load,Direct,We are a manufacturing company looking to export plastic bottles to customers in other countries. Can you please advise the steps and processes we have to take?,"Thank you for your question. To provide you with the most relevant guidance on export processes for your plastic bottles, I need some clarification:

1. **Origin Country:** Which country are you exporting from?
2. **Destination Country/Countries:** Which country or countries are you exporting to?
3. **Processing in Third Countries:** Will the plastic bottles be processed, repacked, or undergo any transformation in a third country before reaching the final destination, or will they be shipped dir",43977.62,10054.54,200,Success
2026-05-05T09:18:07.500423,40,load,Indirect,"We import wine (HS 2204) from Australia under the Singapore-Australia FTA and store it in a bonded warehouse. When we re-export to Japan, can we claim preference under RCEP or CPTPP, and what evidence","# Back-to-Back Preferential Certificate of Origin (B2B PCO) Eligibility Analysis

## Your Scenario Summary
- **Product:** Wine (HS Code 2204)
- **Movement:** Australia → Singapore (bonded warehouse storage) → Japan
- **Current FTA:** Singapore-Australia FTA
- **Target FTAs:** RCEP or CPTPP
- **Processing in Singapore:** No processing, storage only

---

## FTA Membership Verification

✅ **All three countries (Australia, Singapore, Japan) are members of both:**
- **RCEP** (Regional Comprehensive ",191503.37,10038.2,200,Success
2026-05-05T09:18:07.897464,40,load,Indirect,We import Korean cosmetics (HS 3304) under RCEP into Singapore and re-export to Japan with no further processing. Can we apply for a back-to-back RCEP certificate?,"## Yes, you can apply for a back-to-back RCEP certificate for your scenario.

Based on the information retrieved from the CFOTI Knowledge Base, your situation meets the requirements for a back-to-back RCEP Proof of Origin.

---

### Eligibility Confirmation

**Your scenario:**
- **Movement of goods:** Korea → Singapore → Japan
- **HS Code:** 3304 (Cosmetics)
- **Processing in Singapore:** No further processing
- **FTA Coverage:** South Korea, Singapore, and Japan are all parties to RCEP

**RCEP ",202072.03,9347.53,200,Success
2026-05-05T09:18:18.179020,40,load,Indirect,How do I qualify for preferential treatment under the ATIGA for my export of water pumps with HS code 8413.20.90 from Singapore to Indonesia?,"# Qualifying for ATIGA Preferential Treatment: Water Pumps (HS 8413.20.90) from Singapore to Indonesia

Based on your export of water pumps with HS code 8413.20.90 from Singapore to Indonesia, here is comprehensive guidance on qualifying for preferential treatment under the ASEAN Trade in Goods Agreement (ATIGA).

---

## 1. ATIGA Benefits for Your Product

**Source:** Mendel (HS 8413.20.90, Origin: Singapore, Destination: Indonesia)

| Rate Type | Duty Rate | Savings |
|-----------|-----------|",227470.01,5872.11,200,Success
2026-05-05T09:18:23.864694,40,load,Indirect,"We have an existing PCO but the importer says the HS code on the certificate does not match their customs declaration. How do we correct or reissue the certificate, and will it affect the validity per","# PCO Correction and Reissuance Due to HS Code Mismatch

When there is an HS code mismatch between your existing Preferential Certificate of Origin (PCO) and the importer's customs declaration, you will need to correct the certificate by cancelling the existing one and issuing a new PCO with the correct information. Here's how to proceed:

---

## Correction Procedures

The procedure depends on how your original CO/PCO was applied:

### **Option 1: For CO Applied Together with Export Permit (Com",208612.61,10037.65,200,Success
2026-05-05T09:18:28.884384,40,load,Indirect,I import meat with HS code 0201.30.01 from Australia to Singapore and re-export to Japan. Am I eligible for preferential tariffs?,"# Back-to-Back Preferential Certificate of Origin (B2B PCO) Eligibility Assessment

## Your Trade Scenario

**Product:** Meat (HS Code 0201.30.01)  
**Trade Route:** Australia → Singapore → Japan  
**Query:** Eligibility for preferential tariffs through Back-to-Back PCO

---

## Assessment Summary

Based on the information retrieved, **you may be eligible for Back-to-Back PCO under RCEP**, subject to meeting specific conditions. However, **CPTPP provisions could not be fully verified** due to sy",216939.09,10075.47,200,Success
2026-05-05T09:18:41.554340,40,load,Indirect,"We have an existing PCO but the importer says the HS code on the certificate does not match their customs declaration. How do we correct or reissue the certificate, and will it affect the validity per","# Correcting or Reissuing a Preferential Certificate of Origin (PCO) with HS Code Mismatch

When a PCO contains an incorrect HS code that doesn't match the importer's customs declaration, the correction process depends on whether the certificate has already been used for customs clearance.

---

## 1. For Unutilised PCO (Not Yet Used for Customs Clearance)

### Cancellation Process

**All requests for cancellation of PCO issued by Singapore Customs must be submitted online via FormSG.**

**Key P",254878.27,10458.91,200,Success
2026-05-05T09:18:43.721882,40,load,Indirect,"We import raw cocoa (HS 1801) from Ghana, process it into chocolate (HS 1806) in Singapore, and export to Japan. How do we prove substantial transformation and claim preference under RCEP?","# Analysis: Proving Substantial Transformation and Claiming RCEP Preference

## Executive Summary

Based on your scenario of importing raw cocoa (HS 1801) from Ghana, processing it into chocolate (HS 1806) in Singapore, and exporting to Japan, I must clarify an important limitation:

**Ghana is NOT a member of RCEP.** Therefore, this is **NOT a back-to-back PCO scenario** under RCEP. However, you can still potentially claim RCEP preference if the chocolate qualifies as ""originating"" in Singapore",230694.6,10045.63,200,Success
2026-05-05T09:18:45.435613,40,load,Indirect,"What is the PCO application process for the export of my product with HS code 3924.90.90 from Singapore to Vietnam with an estimated export value of 5,000 SGD under the ATIGA FTA?","# PCO Application Process for ATIGA (Form D)

## Your Trade Details Summary

**Input Information Used:**
- HS Code: 3924.90.90
- Country of Origin: Singapore
- Country of Destination: Vietnam
- FTA: ATIGA (ASEAN Trade in Goods Agreement)
- Estimated Export Value: 5,000 SGD

---

## Tariff and Duty Information

**Source:** Mendel

Under ATIGA, your product (HS Code 3924.90.90) exported from Singapore to Vietnam qualifies for:

| Tariff Component | Rate | Details |
|------------------|------|-----",245654.68,21069.19,200,Success
2026-05-05T09:18:48.863621,40,load,Indirect,"For goods that qualify under both ATIGA and RCEP when exporting from Singapore to Thailand, how do we choose which FTA to use, and can we switch between them for different shipments of the same produc","## Choosing Between ATIGA and RCEP for Singapore to Thailand Exports

Based on the information retrieved from the CFOTI Knowledge Base and external sources, here is guidance on choosing between ATIGA and RCEP when your goods qualify under both agreements:

### Key Principle: Exporter's Choice

**Yes, you can switch between ATIGA and RCEP for different shipments of the same product.** Both agreements remain fully in force, and exporters have the flexibility to choose which FTA to use on a **shipm",239990.66,10046.31,200,Success
2026-05-05T09:18:50.279059,40,load,Indirect,I import meat with HS code 0201.30.01 from Australia to Singapore and re-export to Japan. Am I eligible for preferential tariffs?,"# Eligibility for Preferential Tariffs: Back-to-Back PCO Assessment

## Your Trade Scenario

- **Product**: Meat (HS Code 0201.30.01)
- **Movement**: Australia → Singapore → Japan
- **Query**: Eligibility for preferential tariffs when re-exporting from Singapore to Japan

---

## Key Findings

### 1. Tariff Information (Singapore → Japan)

Based on **Mendel** data for HS Code 0201.30.01 from Singapore to Japan:

| Tariff Type | Rate | Description |
|-------------|------|-------------|
| **MFN Ra",261563.98,10783.26,200,Success
2026-05-05T09:18:50.341219,40,load,Indirect,I would like to leverage the AKFTA FTA for my export of 1701.12.20 from Singapore to South Korea. What is a PCO and how do I apply for it?,"# Preferential Certificate of Origin (PCO) for AKFTA Export

## What is a PCO?

A **Preferential Certificate of Origin (PCO)** is an official document that certifies the origin of goods being exported under a Free Trade Agreement (FTA). It enables the importer in the destination country to claim preferential tariff treatment (reduced or zero customs duties) under the specific FTA.

For your export from Singapore to South Korea under AKFTA, the PCO is called **Form AK** - the official certificate",246531.46,10599.64,200,Success
2026-05-05T09:18:53.705037,40,load,Direct,I am exporting steel forgings of gear boxes with HS code 8708.40.75.70 from China to the US. What tariffs apply?,"I am unable to retrieve sufficient information regarding this subject matter. For further guidance, please click on the 'Email' button on the bottom right corner of the screen to arrange for a call or a one-to-one advisory session. Our specialists can offer tailored insights based on your product and trade needs, and help you address any related queries or challenges.",51810.06,10097.4,200,Success
2026-05-05T09:18:53.706218,40,load,Indirect,I import machinery parts from Japan to Singapore and would like to re-export to India. The HS code of the machinery parts are 8401.10. Am I eligible for any FTAs?,"# Back-to-Back Preferential Certificate of Origin (B2B PCO) Eligibility Assessment

## Your Trade Scenario

**Trade Flow:**
- **First Exporting Country:** Japan
- **Intermediate Country:** Singapore
- **Final Importing Country:** India
- **Product:** Machinery parts
- **HS Code:** 8401.10

---

## Eligibility Assessment Result

### ❌ You are NOT eligible for Back-to-Back Preferential Certificate of Origin (B2B PCO)

**Reason:** All three countries (Japan, Singapore, and India) must be parties to",188513.88,10508.41,200,Success
2026-05-05T09:18:59.347759,40,load,Indirect,"If we import under ASEAN-China FTA and re-export to Japan under RCEP with minimal repackaging in Singapore, can we use a back-to-back certificate, and what are the conditions and time limits?","# Back-to-Back Certificate of Origin Under RCEP: Eligibility Analysis

## Your Trade Scenario
- **Import:** China → Singapore under ASEAN-China FTA
- **Re-export:** Singapore → Japan under RCEP
- **Processing in Singapore:** Minimal repackaging

---

## Summary: Eligibility Status

Based on the RCEP legal provisions, **you may be eligible** for a back-to-back Proof of Origin under RCEP, subject to specific conditions. However, there are **critical considerations** regarding:
1. Whether an ASEAN-",269650.75,4856.6,200,Success
2026-05-05T09:19:07.264410,40,load,Indirect,I want to import semiconductor integrated circuits from South Korea to Singapore and intend to re-export them to Vietnam. The HS code is 8542.31. Am I eligible for any FTAs?,"# FTA Eligibility for Back-to-Back PCO: Semiconductor Integrated Circuits (HS 8542.31)

## Your Trade Scenario

**Product:** Semiconductor integrated circuits  
**HS Code:** 8542.31  
**Movement:** South Korea → Singapore → Vietnam  
**Country of Origin:** South Korea  
**Final Destination:** Vietnam

---

## Key Finding: Tariff-Free Status

Based on the tariff information retrieved from **Mendel** for HS code 8542.31 from South Korea to Vietnam:

| Tariff Scheme | Rate | Conditions |
|---------",266477.92,10048.49,200,Success
2026-05-05T09:19:08.331712,40,load,Indirect,"We are considering moving some production from China to Singapore to benefit from FTAs. For electronics (HS 8517), what origin criteria apply under RCEP and CPTPP, and what percentage of value must be","Based on my research into the RCEP and CPTPP agreements for electronics under HS 8517 (telephone sets, including smartphones and other telephones for cellular networks or wireless networks), here is what I found:

## FTA Membership Confirmation

China and Singapore are both members of **RCEP (Regional Comprehensive Economic Partnership)**, which includes: Australia, Brunei, China, Indonesia, Japan, South Korea, Cambodia, Laos, Myanmar, Malaysia, New Zealand, Philippines, Singapore, Thailand, and",269536.31,10039.57,200,Success
2026-05-05T09:19:13.742157,40,load,Direct,I would like to know more about the import duties for export from Singapore to US. HS code for my product is 9404.21.00.10. Estimated export value for each mattress is $150.,"# Import Duties for Mattresses (HS Code 9404.21.00.10) from Singapore to United States

Thank you for your inquiry. Below is the comprehensive information about import duties and requirements for exporting mattresses from Singapore to the United States.

---

## Product Information

| Item | Details |
|------|---------|
| **HS Code** | 9404.21.00.10 |
| **Product Description** | Mattresses of cellular rubber or plastics, whether or not covered |
| **Country of Origin** | Singapore |
| **Country ",175457.13,10049.87,200,Success
2026-05-05T09:19:16.421396,40,load,Direct,"What is the validity period of back-to-back COs issued by Singapore Customs, and can validity be extended?","### Validity Period of Back-to-Back COs Issued by Singapore Customs

Based on the information retrieved from the CFOTI Knowledge Base, here is what I found regarding back-to-back Certificates of Origin:

---

## **Validity Period**

According to **AFTA Rule 11 (Back-to-Back Proof of Origin)**, specifically for consolidated export shipments:

**The back-to-back Certificate of Origin (Form D) shall be issued by the intermediate exporting Member State (Singapore) and presented to the final importin",115904.22,10055.3,200,Success
2026-05-05T09:19:16.424966,40,load,Indirect,We import fresh mangoes (HS 0804.50) from Indonesia into Singapore and plan to re-export them to the Philippines. Can we request a back-to-back PCO under ATIGA?,"# Back-to-Back PCO Eligibility Assessment for Fresh Mangoes under ATIGA

## Your Query Summary

You are importing **fresh mangoes (HS 0804.50)** from **Indonesia** into **Singapore** and plan to re-export them to the **Philippines**. You want to know if you can request a back-to-back Preferential Certificate of Origin (PCO) under ATIGA.

**Movement of goods:** Indonesia → Singapore → Philippines  
**Processing in Singapore:** No processing

---

## Analysis Results

### 1. HS Code and Tariff Inf",271614.12,10037.75,200,Success
2026-05-05T09:19:21.970232,40,load,Indirect,I want to import semiconductor integrated circuits from South Korea to Singapore and intend to re-export them to Vietnam. The HS code is 8542.31. Am I eligible for any FTAs?,"## FTA Eligibility for Semiconductor Integrated Circuits (HS 8542.31)

### Your Trade Scenario:
- **Product:** Semiconductor integrated circuits
- **HS Code:** 8542.31
- **Movement:** South Korea → Singapore → Vietnam
- **Country of Origin:** South Korea
- **Destination:** Vietnam

---

### Key Finding: **You Do Not Need a Back-to-Back PCO for Tariff Savings**

The customs duty for HS code 8542.31 from South Korea to Vietnam is **already 0% (FREE) under MFN rates**. This means:

✅ **No tariff sa",144254.4,10050.66,200,Success
2026-05-05T09:19:28.884643,40,load,Indirect,"We export organic fertiliser (HS 3101) from Singapore to New Zealand. Under CPTPP, what are the rules of origin and any product-specific requirements we must meet?","# Response to Your Queries

Thank you for your questions. I notice you've asked about **two different trade scenarios** at once:

1. **Meat (HS 0201.30.01):** Australia → Singapore → Japan - Back-to-Back PCO eligibility
2. **Organic Fertiliser (HS 3101):** Singapore → New Zealand - CPTPP rules of origin

---

## Important Notice

To provide you with accurate, detailed, and regulation-compliant information, **I can only address one query at a time**. This ensures:

- ✅ Thorough analysis of each t",57630.26,10056.4,200,Success
2026-05-05T09:19:30.180026,40,load,Indirect,"We manufacture plastic containers (HS 3924) in Singapore using resin from Saudi Arabia and additives from Malaysia. How do we prove origin under ATIGA for export to Vietnam, and which FTA gives the be","# Proving Origin Under ATIGA for Plastic Containers (HS 3924)

## Important Notice About HS Code

⚠️ **The system could not retrieve tariff/duty information for HS code 3924 for Singapore to Vietnam.** This 4-digit code may be too general for tariff lookup purposes. For accurate tariff information, you may need a more specific code (typically 8 digits for ASEAN countries).

The hierarchy shows more specific codes under HS 3924:
- **392410**: Tableware and kitchenware
  - 39241010: Of melamine
- ",279268.8,10091.03,200,Success
2026-05-05T09:19:42.302467,40,load,Indirect,"Our company sources components from China, Thailand, and Malaysia and assembles electronic switches (HS 8536.50) in Singapore for export to Australia. Can we claim Singapore origin under AANZFTA, and ","# Analysis: Claiming Singapore Origin under AANZFTA for HS 8536.50

Based on the information retrieved from **Mendel** for electronic switches (HS 8536.50) assembled in Singapore and exported to Australia, here is my analysis:

---

## Product Information

**HS Code:** 8536.50  
**Description:** Other switches (electrical apparatus for switching or protecting electrical circuits, for a voltage not exceeding 1,000 volts)  
**Trade Route:** Components from China, Thailand, Malaysia → Assembly in S",175472.22,10052.56,200,Success
2026-05-05T09:19:47.831231,40,load,Direct,What is the tariff rate for exporting printed books (HS 4901.99) from Singapore to Vietnam under ATIGA?,"### Tariff Rate Information for HS Code 4901.99 (Printed Books) from Singapore to Vietnam under ATIGA

---

### Summary of Findings

I have attempted to retrieve the tariff rate information for your query, but unfortunately, **the system could not retrieve tariff/duty information for HS code 4901.99 (or its 8-digit variant 49019900) for imports into Vietnam from Singapore**.

**Your Query Details:**
- **HS Code:** 4901.99 (Printed books - Other)
- **Country of Origin:** Singapore
- **Country of ",299950.49,10049.73,200,Success
2026-05-05T09:19:49.828035,40,load,Indirect,"We import cotton fabric (HS 5208) from India into Singapore, dye and cut it here, then export garments to the EU. How do we determine origin under RCEP and EU-Singapore FTA, and what documentation do ","Thank you for your enquiry about origin determination and documentation requirements for your cotton fabric processing and garment export scenario.

To provide you with accurate guidance on origin determination under RCEP and the EU-Singapore FTA, I need to clarify some important information:

## Missing Information Required:

### **Required:**

1. **Final Product HS Code**: You mentioned importing cotton fabric (HS 5208) but exporting garments. What is the specific HS code for the final garment",52497.08,10061.43,200,Success
2026-05-05T09:19:56.497371,40,load,Direct,"Which Singapore FTA covers trade in services, not just goods?","I am unable to retrieve sufficient information regarding this subject matter. For further guidance, please click on the 'Email' button on the bottom right corner of the screen to arrange for a call or a one-to-one advisory session. Our specialists can offer tailored insights based on your product and trade needs, and help you address any related queries or challenges.",37221.0,10054.78,200,Success
2026-05-05T09:20:00.629695,40,load,Indirect,"If I import products from South Korea into Singapore, store them in Singapore, and then export them to Vietnam. Is there any FTA I can use to obtain duty savings on import into Vietnam?","## Your Back-to-Back PCO Eligibility Under RCEP

Based on your scenario (importing from **South Korea** → storing in **Singapore** → exporting to **Vietnam**), I have good news: **you appear to be preliminarily eligible for a Back-to-Back Preferential Certificate of Origin (B2B PCO) under RCEP**, subject to meeting specific product requirements.

---

## ✅ Preliminary Eligibility Assessment

### FTA Groups Common to All Three Countries

South Korea, Singapore, and Vietnam are parties to the foll",246121.9,10052.29,200,Success
2026-05-05T09:20:05.894879,40,load,Indirect,"We import headphones (HS 8518.30.10) from China and sell to Vietnam. Can CPTPP preferences ever apply, and what proof would be required?","**No, CPTPP preferences cannot apply to headphones (HS 8518.30.10) imported from China and re-exported to Vietnam.**

---

### Why CPTPP Preferences Do Not Apply

**Critical Issue: China is Not a CPTPP Member**

According to the FTA membership verification, **China is NOT a member of CPTPP**. CPTPP members include: Australia, Brunei, Canada, Chile, Japan, Malaysia, Mexico, New Zealand, Peru, Singapore, and Vietnam.

Under **CPTPP Article 3.2 (Originating Goods)**, for a good to qualify for CPTPP",225180.84,10068.82,200,Success
2026-05-05T09:20:10.150500,40,load,Direct,"I am exporting meat with HS code 0210.19.90 from Singapore to Indonesia. The export value is 10,000 SGD. Which FTAs can I leverage?","Thank you for your enquiries. I notice you've submitted multiple questions. Let me address them appropriately:

---

## 🚫 Regarding Your Canada-US Energy Product Query (HS 2710.12.15.10)

Your query about tariffs for an energy product made in Canada and exported to the US under USMCA falls **outside the scope** of Singapore Business Federation's advisory services. SBF specializes in trade matters related to Singapore's import/export processes and regulations.

For guidance on Canada-US trade und",127831.09,10120.69,200,Success
2026-05-05T09:20:19.580736,40,load,Indirect,I import brooms with HS code 9603.10.20 from China to Singapore and would like to re-export to Malaysia. Am I eligible for any FTAs?,"# Back-to-Back Preferential Certificate of Origin (B2B PCO) Eligibility Assessment

## Input Information
- **HS Code**: 9603.10.20
- **Product**: Brooms
- **Country of Origin**: China
- **Intermediate Country**: Singapore
- **Final Destination**: Malaysia
- **Movement**: Import from China to Singapore, then re-export to Malaysia
- **Processing done in Singapore**: Not provided

---

## Tariff Information for China to Malaysia (HS 9603.10.20)

Based on official tariff data from **Mendel**, the fo",266413.99,10060.81,200,Success
2026-05-05T09:20:20.089108,40,load,Indirect,"We manufacture plastic containers (HS 3924) in Singapore using resin from Saudi Arabia and additives from Malaysia. How do we prove origin under ATIGA for export to Vietnam, and which FTA gives the be","Based on the information retrieved, here's how to prove origin under ATIGA for your plastic containers (HS 3924) manufactured in Singapore and a comparison of FTA tariff options:

---

## How to Prove Origin Under ATIGA

### Available Proof of Origin Options

Under ATIGA, you can prove origin using one of the following methods:

**Source:** *CFOTI Knowledge Base - ASEAN Free Trade Area (AFTA) Operational Certification Procedure*

1. **Certificate of Origin (Form D)** - issued by Singapore Custom",249699.34,10060.07,200,Success
2026-05-05T09:20:24.021327,40,load,Direct,"Which Singapore FTA covers trade in services, not just goods?","# Which Singapore FTAs Cover Trade in Services?

**Most of Singapore's Free Trade Agreements (FTAs) include comprehensive chapters on trade in services, not just goods.** Based on the CFOTI Knowledge Base and available information, here are the major Singapore FTAs that cover trade in services:

---

## Major Singapore FTAs with Trade in Services Provisions

### 1. **US-Singapore Free Trade Agreement (USSFTA)**
- **Chapter 8: Cross-Border Trade in Services**
- Covers measures affecting cross-bor",182730.13,10048.92,200,Success
2026-05-05T09:20:26.171692,40,load,Direct,What is the authoritative source for eligibility criteria and certifications for foreign suppliers in Singapore government procurement under specified agreements?,"I am unable to retrieve sufficient information regarding this subject matter. For further guidance, please click on the 'Email' button on the bottom right corner of the screen to arrange for a call or a one-to-one advisory session. Our specialists can offer tailored insights based on your product and trade needs, and help you address any related queries or challenges.",54418.89,10064.81,200,Success
2026-05-05T09:20:26.424355,40,load,Direct,What documents do I need to apply for a Preferential Certificate of Origin under RCEP for export to China?,"## Documents Required to Apply for a Preferential Certificate of Origin under RCEP for Export to China

To apply for a Preferential Certificate of Origin (PCO) under RCEP for export from Singapore to China, you will need to prepare the following:

---

### **Application Process Overview**

According to **RCEP Article 3.17**, a Certificate of Origin shall be issued by the issuing body of an exporting Party (Singapore Customs) upon an application by an exporter, a producer, or their authorised rep",227527.86,10064.75,200,Success
2026-05-05T09:20:34.441366,40,load,Direct,I am exporting 1001.19.00.25 from Singapore to the US. Are there any additional tariffs?,"# Additional Tariffs for Exporting HS Code 1001.19.00.25 from Singapore to the United States

**Yes, there is an additional tariff that applies to your export.**

---

## Tariff Summary

### Standard Duty Rates

| Tariff Type | Rate | Conditions |
|-------------|------|------------|
| **MFN Rate** | 0.0065 USD/kg | Applies if goods don't qualify for preferential treatment |
| **Singapore Preferential Rate (USSFTA)** | **Free** | Applies if goods qualify as originating under US-Singapore FTA |
| ",126423.69,10057.63,200,Success
2026-05-05T09:20:36.501221,40,load,Direct,What is the validity period of a PCO issued under ATIGA?,"Validity Period of PCO Under ATIGA

## Validity Period

Under **ATIGA (ASEAN Trade in Goods Agreement)**, the Preferential Certificate of Origin (PCO) - also known as **Form D** or **e-Form D** - has the following validity period:

### **12 Months from Date of Issuance**

According to **Rule 14: Validity Period of the Proof of Origin** in the ATIGA Operational Certification Procedures:

> **(a)** The Proof of Origin shall be valid for a period of **twelve (12) months** for origin certification p",175220.84,10055.86,200,Success
2026-05-05T09:20:46.170333,40,load,Indirect,"If we import under ASEAN-China FTA and re-export to Japan under RCEP with minimal repackaging in Singapore, can we use a back-to-back certificate, and what are the conditions and time limits?","I am unable to retrieve sufficient information regarding this subject matter. For further guidance, please click on the 'Email' button on the bottom right corner of the screen to arrange for a call or a one-to-one advisory session. Our specialists can offer tailored insights based on your product and trade needs, and help you address any related queries or challenges.",31041.23,10057.85,200,Success
2026-05-05T09:21:13.385697,40,load,Indirect,"Under which FTAs, if any, can India-origin goods use a back-to-back mechanism via Singapore?","I am unable to retrieve sufficient information regarding this subject matter. For further guidance, please click on the 'Email' button on the bottom right corner of the screen to arrange for a call or a one-to-one advisory session. Our specialists can offer tailored insights based on your product and trade needs, and help you address any related queries or challenges.",42614.64,10053.03,200,Success
2026-05-05T09:21:19.966111,40,load,Direct,Where can I find the rules of origin for my product under the Singapore-Australia FTA?,"## Rules of Origin for HS Code 3924.90.90 under Singapore-Australia FTA (SAFTA)

**Your Product Details:**
- HS Code: 3924.90.90 (Tableware, kitchenware, other household articles of plastics - Other)
- Country of Origin: Singapore
- Country of Destination: Australia
- Export Value: 5,000 SGD
- FTA: Singapore-Australia Free Trade Agreement (SAFTA)

---

## Where to Find the Rules of Origin

### 1. **Official Legal Text - Chapter 3 and Annex 2**

**Source:** CFOTI Knowledge Base & Enterprise Singa",149854.45,10050.73,200,Success
2026-05-05T09:21:21.284391,40,load,Indirect,"We have a back-to-back PCO under RCEP for goods from Japan. The buyer in Indonesia wants to split the shipment into two consignments over two months. Is the original PCO still valid, and what do we ne","# Back-to-Back PCO for Split Shipments under RCEP

## Your Scenario
- **Origin Country:** Japan
- **Intermediate Country:** Singapore
- **Destination Country:** Indonesia
- **FTA:** RCEP (Regional Comprehensive Economic Partnership)
- **Situation:** Splitting shipment into two consignments over two months

---

## Answer: Yes, the Original PCO Can Be Used for Split Shipments

Under RCEP, **the original Preferential Certificate of Origin (PCO) from Japan remains valid** for split/partial shipment",196290.7,10052.16,200,Success
2026-05-05T09:21:34.083893,40,load,Indirect,We import fresh mangoes (HS 0804.50) from Indonesia into Singapore and plan to re-export them to the Philippines. Can we request a back-to-back PCO under ATIGA?,"# Back-to-Back Preferential Certificate of Origin (B2B PCO) Eligibility Assessment

## Your Query Details
- **HS Code:** 0804.50 (Fresh mangoes - Guavas, mangoes and mangosteens)
- **Country of Origin:** Indonesia
- **Intermediate Country:** Singapore
- **Final Destination:** Philippines
- **FTA in Question:** ATIGA (ASEAN Trade in Goods Agreement)

---

## Assessment Summary

Based on the information retrieved, I can provide you with a preliminary assessment of your B2B PCO eligibility under AT",272958.81,10107.68,200,Success
2026-05-05T09:21:35.561275,40,load,Indirect,"We assemble vacuum cleaners (HS Code 8508.19.10) in Singapore from Chinese parts and export to Indonesia. Does simple assembly confer Singapore origin, or should we apply for a back-to-back PCO instea","I am unable to retrieve sufficient information regarding this subject matter. For further guidance, please click on the 'Email' button on the bottom right corner of the screen to arrange for a call or a one-to-one advisory session. Our specialists can offer tailored insights based on your product and trade needs, and help you address any related queries or challenges.",47010.87,10086.72,200,Success
2026-05-05T09:21:35.569540,40,load,Indirect,"We have an existing PCO but the importer says the HS code on the certificate does not match their customs declaration. How do we correct or reissue the certificate, and will it affect the validity per","## Correcting or Reissuing a Preferential Certificate of Origin (PCO) Due to HS Code Mismatch

Based on the information retrieved from Singapore Customs procedures, I can provide you with guidance on how to address the HS code mismatch on your PCO.

---

### Important Notice About HS Code Mismatches

**An HS code mismatch is considered a significant error, not a minor discrepancy.** According to the Pacific Alliance-Singapore Free Trade Agreement (PASFTA):

> ""A difference between the tariff cla",211820.94,10053.95,200,Success
2026-05-05T09:21:35.791696,40,load,Direct,What is the validity period of a PCO issued under ATIGA?,"Validity Period of PCO under ATIGA

## Validity Period

**Source:** CFOTI Knowledge Base - ATIGA Operational Certification Procedure, Rule 14

### **12 Months from Date of Issuance**

Under ATIGA (ASEAN Trade in Goods Agreement), the Preferential Certificate of Origin (PCO) has the following validity period:

**""The Proof of Origin shall be valid for a period of twelve (12) months for origin certification purposes, from the date of issuance or, in the case of the Origin Declaration, making out, ",169987.78,10073.49,200,Success
2026-05-05T09:21:35.792470,40,load,Indirect,"Can we use exporter self-certification under the UK-Singapore FTA for our exports of pharmaceutical products (HS 3004), and what are the exact conditions and record-keeping requirements?","# Exporter Self-Certification under UK-Singapore FTA for Pharmaceutical Products (HS 3004)

Thank you for your enquiry regarding exporter self-certification under the UK-Singapore Free Trade Agreement (UKSFTA) for pharmaceutical products.

## Summary

**Yes, you can use exporter self-certification** under the UKSFTA for exports of pharmaceutical products (HS 3004) from Singapore to the United Kingdom. The UKSFTA operates under a self-certification regime where Singapore exporters can make out or",288201.29,10061.98,200,Success
2026-05-05T09:21:49.284478,40,load,Direct,I am importing blowers under 125kW from China to Singapore. I don't know the HS code of my product. Could you provide some suggestions?,"# Sample HS Code Suggestions for Blowers Under 125kW

## Your Search Parameters
- **Product:** Blowers under 125kW
- **Country of Origin:** China
- **Country of Destination:** Singapore

---

## Sample HS Codes

Based on my search, **HS Code 8414** appears to be the most relevant heading for your industrial blowers. This heading covers:

**""Air or vacuum pumps, air or other gas compressors and fans; ventilating or recycling hoods incorporating a fan, whether or not fitted with filters; gas-tight",224786.55,10052.96,200,Success
2026-05-05T09:21:57.272654,40,load,Direct,I am importing blowers under 125kW from China to Singapore. I don't know the HS code of my product. Could you provide some suggestions?,"# HS Code Suggestions for Blowers Under 125kW

## Your Search Criteria
- **Product:** Blowers under 125kW
- **Origin Country:** China
- **Destination Country:** Singapore
- **Commonly Used Format:** AHTN (8-digit) for Singapore

---

## Sample HS Codes for Industrial Blowers

Based on my search, industrial blowers are typically classified under **HS Heading 8414**, which covers:

> ""Air or vacuum pumps, air or other gas compressors and fans; ventilating or recycling hoods incorporating a fan, wh",225138.38,10055.03,200,Success
2026-05-05T09:22:07.233998,40,load,Indirect,"We consolidate shipments from multiple ASEAN countries in Singapore and then send them to Australia. Can we obtain a single certificate covering the whole consignment, or do we need separate origin do","## Consolidated Shipments from Multiple ASEAN Countries to Australia: Certificate of Origin Requirements

Based on your scenario of consolidating shipments from multiple ASEAN countries in Singapore and then exporting to Australia, I need to provide you with important information about certificate requirements.

---

### Current Analysis

Unfortunately, I encountered technical difficulties retrieving specific guidance from our knowledge base regarding consolidated shipments with multiple origins",95796.6,10058.67,200,Success
2026-05-05T09:22:11.153438,40,load,Indirect,"What are the steps and timelines to apply for a PCO under the Digital Economy Agreement between Singapore and Australia, and how does it differ from the standard goods FTA process?","# PCO Application under Singapore-Australia Digital Economy Agreement vs Standard FTA Process

---

## Important Clarification

Based on my search through the available knowledge base and online resources, I need to clarify an important finding:

**The Singapore-Australia Digital Economy Agreement (SADEA) does not appear to have specific provisions for Product-Specific Certificates of Origin (PCO) for goods trade.** The Digital Economy Agreement between Singapore and Australia focuses primarily ",140904.56,10052.26,200,Success
2026-05-05T09:22:20.400324,40,load,Indirect,"We export organic fertiliser (HS 3101) from Singapore to New Zealand. Under CPTPP, what are the rules of origin and any product-specific requirements we must meet?","## CPTPP Rules of Origin and Product-Specific Requirements for Organic Fertiliser (HS 3101)

### Your Export Details
- **Product:** Organic fertiliser (Animal or vegetable fertilisers, whether or not mixed together or chemically treated; fertilisers produced by the mixing or chemical treatment of animal or vegetable products)
- **HS Code:** 3101
- **Origin:** Singapore
- **Destination:** New Zealand
- **FTA:** CPTPP (Comprehensive and Progressive Agreement for Trans-Pacific Partnership)

---

##",260543.22,10050.33,200,Success
2026-05-05T09:22:20.402115,40,load,Indirect,"Our company sources components from China, Thailand, and Malaysia and assembles electronic switches (HS 8536.50) in Singapore for export to Australia. Can we claim Singapore origin under AANZFTA, and ","Claiming Singapore Origin under AANZFTA for Electronic Switches (HS 8536.50)

---

## Can You Claim Singapore Origin?

**Yes, your company can potentially claim Singapore origin under AANZFTA** for electronic switches (HS 8536.50) assembled in Singapore, even though components are sourced from China, Thailand, and Malaysia. However, you must meet one of the following Rules of Origin requirements:

### Rules of Origin for HS 8536.50 under AANZFTA

According to **Mendel**, the Product Specific Rul",298288.84,10054.0,200,Success
2026-05-05T09:22:20.617435,40,load,Direct,I am exporting propulsion engines with HS code 8408.10.00.05 from Germany to the US. What tariffs apply?,"# Tariffs for Propulsion Engines (HS 8408.10.00.05) from Germany to the United States

**Trade Route:** Germany → United States  
**HS Code:** 8408.10.00.05 (Propulsion engines)

---

## Applicable Duties and Tariffs

Based on official tariff data from Mendel, the following duties and fees apply when importing propulsion engines from Germany to the United States:

### 1. **Import Duties**

| Duty Type | Rate | Description |
|-----------|------|-------------|
| **MFN (Most Favoured Nation) Rate**",101097.37,10048.72,200,Success
2026-05-05T09:22:22.590354,40,load,Indirect,"We have an existing PCO but the importer says the HS code on the certificate does not match their customs declaration. How do we correct or reissue the certificate, and will it affect the validity per","Correcting or Reissuing ATIGA Certificate of Origin (Form D) for HS Code Mismatch

I understand your situation: you have an existing Preferential Certificate of Origin (PCO) under ATIGA, but your importer in Indonesia reports that the HS code on the certificate does not match their customs declaration. Here's comprehensive guidance on how to correct or reissue the certificate and the impact on validity.

---

## 1. Correction/Amendment Options Under ATIGA

**Source:** CFOTI Knowledge Base - ATIG",242334.29,10058.65,200,Success
2026-05-05T09:22:37.095837,40,load,Direct,"If software classified as strategic goods technology is hosted on a server in Singapore for global download, what authorisations are required under Singapore's Strategic Goods (Control) regime?","I am unable to retrieve sufficient information regarding this subject matter. For further guidance, please click on the 'Email' button on the bottom right corner of the screen to arrange for a call or a one-to-one advisory session. Our specialists can offer tailored insights based on your product and trade needs, and help you address any related queries or challenges.",57303.4,10060.24,200,Success
2026-05-05T09:22:39.777533,40,load,Indirect,How do I qualify for preferential treatment under the ATIGA for my export of water pumps with HS code 8413.20.90 from Singapore to Indonesia?,,300999.41,10046.44,200,Stream interrupted – chunked stream closed early (server/proxy/load)
2026-05-05T09:22:49.487286,40,load,Indirect,"For machinery (HS 8479) assembled in Singapore from US and German parts, what are the rules of origin under the EU-Singapore FTA and UK-Singapore FTA, and how do we calculate and document RVC?",,301011.37,10054.19,200,Stream interrupted – chunked stream closed early (server/proxy/load)
2026-05-05T09:23:00.870048,40,load,Indirect,"We manufacture plastic containers (HS 3924) in Singapore using resin from Saudi Arabia and additives from Malaysia. How do we prove origin under ATIGA for export to Vietnam, and which FTA gives the be","Based on the information retrieved, I can provide you with guidance on proving origin under ATIGA and comparing FTA tariff rates for your plastic containers (HS 3924).

---

## Tariff Comparison: Which FTA Gives Better Rates?

**Important Note:** The Mendel system indicates that specific tariff rate information for HS code 3924 (4-digit level) from Singapore to Vietnam is not available in the database. You may need to use a more specific HS code (8-digit or 10-digit level) to retrieve accurate d",171881.6,10063.55,200,Success
2026-05-05T09:23:03.207337,40,load,Indirect,"We export organic fertiliser (HS 3101) from Singapore to New Zealand. Under CPTPP, what are the rules of origin and any product-specific requirements we must meet?","# Response to Your Query on CPTPP Rules of Origin for Organic Fertiliser (HS 3101)

Thank you for your enquiry regarding the export of organic fertiliser (HS 3101) from Singapore to New Zealand under CPTPP.

---

## 1. CPTPP Rules of Origin for HS 3101

### Primary Rule: Change in Tariff Heading (CTH)

Based on **Mendel** (Singapore to New Zealand, HS 3101), your organic fertiliser can qualify as an originating good under CPTPP if it meets the following product-specific rule:

**""A change to a g",246144.97,10048.02,200,Success
2026-05-05T09:23:03.580196,40,load,Indirect,"Can we use exporter self-certification under the UK-Singapore FTA for our exports of pharmaceutical products (HS 3004), and what are the exact conditions and record-keeping requirements?","Exporter Self-Certification under UK-Singapore FTA for Pharmaceutical Products (HS 3004)

## Yes, You Can Use Exporter Self-Certification

**Yes, you can use exporter self-certification** under the UK-Singapore Free Trade Agreement (UKSFTA) for your exports of pharmaceutical products (HS 3004) from Singapore to the United Kingdom. The UKSFTA operates under a **self-certification regime**, which means Singapore Customs does not issue Preferential Certificates of Origin (PCO) for this FTA.

---

#",219376.61,10058.25,200,Success
2026-05-05T09:23:05.415841,40,load,Indirect,I would like to leverage the AKFTA FTA for my export of 1701.12.20 from Singapore to South Korea. What is a PCO and how do I apply for it?,"## What is a PCO and How to Apply for It under AKFTA

Based on the information I have gathered, here is what I can provide regarding your export of HS code **1701.12.20** from **Singapore** to **South Korea** under **AKFTA**:

---

### **What is a PCO (Preferential Certificate of Origin)?**

A **Preferential Certificate of Origin (PCO)** is an official document that certifies the origin of goods being exported under a Free Trade Agreement (FTA). It allows the importer in the destination country ",185745.02,10052.91,200,Success
2026-05-05T09:23:07.348795,40,load,Indirect,I import meat with HS code 0201.30.01 from Australia to Singapore and re-export to Japan. Am I eligible for preferential tariffs?,"## Yes, you are eligible to apply for a back-to-back RCEP certificate and claim preferential tariffs for your meat imports.

Based on the information retrieved, your scenario meets the requirements for a back-to-back RCEP Proof of Origin, which will allow you to benefit from preferential tariff rates when re-exporting to Japan.

---

### Eligibility Confirmation

**Your scenario:**
- **Movement of goods:** Australia → Singapore → Japan
- **HS Code:** 0201.30.01 (Meat and edible meat offal)
- **P",297418.6,10049.75,200,Success
2026-05-05T09:23:19.335609,40,load,Indirect,"We are considering moving some production from China to Singapore to benefit from FTAs. For electronics (HS 8517), what origin criteria apply under RCEP and CPTPP, and what percentage of value must be","# Origin Criteria for Electronics (HS 8517) under RCEP and CPTPP

Based on my analysis of the available information, I can provide you with guidance on the origin criteria frameworks under both FTAs, though I was unable to retrieve the specific Product-Specific Rules (PSRs) for HS code 8517 from the knowledge base.

---

## Your Trade Scenario

**Product:** Electronics - HS 8517 (Telephone sets, including smartphones and other telephones for cellular networks or for other wireless networks; othe",264413.65,10066.55,200,Success
2026-05-05T09:23:20.636934,40,load,Direct,"Which agreements used by Singapore allow exporter self-certification, and what are the eligibility conditions?","# Singapore FTAs with Exporter Self-Certification: Complete Guide

Based on the information retrieved from the CFOTI Knowledge Base, here is a comprehensive overview of Free Trade Agreements used by Singapore that allow exporter self-certification and their eligibility conditions.

---

## 📋 Complete List of FTAs with Self-Certification Regime

Singapore has implemented self-certification regimes under **15 Free Trade Agreements**, which can be categorized into two types:

### **Type 1: General ",258374.69,10108.72,200,Success
2026-05-05T09:23:21.634144,40,load,Indirect,"If we import under ASEAN-China FTA and re-export to Japan under RCEP with minimal repackaging in Singapore, can we use a back-to-back certificate, and what are the conditions and time limits?","# Important Clarification Required: Conflicting Information

Thank you for your inquiry. I've identified a **critical inconsistency** in your request that needs clarification before I can provide accurate guidance.

---

## ⚠️ The Issue: ASEAN-China FTA Cannot Apply to South Korean Goods

You mentioned:
- **Country of Origin:** South Korea
- **Desired FTA for import:** ASEAN-China FTA

**This is not possible because:**
- **South Korea is NOT a party to the ASEAN-China Free Trade Area (ACFTA)**
-",251189.39,10044.29,200,Success
2026-05-05T09:23:45.708943,40,load,Indirect,"What is the PCO application process for the export of my product with HS code 3924.90.90 from Singapore to Vietnam with an estimated export value of 5,000 SGD under the ATIGA FTA?",,301019.28,10058.77,200,Stream interrupted – chunked stream closed early (server/proxy/load)
2026-05-05T09:23:54.069420,40,load,Indirect,"We assemble vacuum cleaners (HS Code 8508.19.10) in Singapore from Chinese parts and export to Indonesia. Does simple assembly confer Singapore origin, or should we apply for a back-to-back PCO instea",,301003.7,10055.05,200,Stream interrupted – chunked stream closed early (server/proxy/load)
2026-05-05T09:23:55.730915,40,load,Indirect,"If our PCO application is rejected by Singapore Customs due to insufficient supporting documents, what can we do to rectify and reapply, and how long does the appeal or correction process take?",,301012.95,10052.76,200,Stream interrupted – chunked stream closed early (server/proxy/load)
2026-05-05T09:24:01.881937,40,load,Indirect,"We import wine (HS 2204) from Australia under the Singapore-Australia FTA and store it in a bonded warehouse. When we re-export to Japan, can we claim preference under RCEP or CPTPP, and what evidence","# Back-to-Back Preferential Certificate of Origin (B2B PCO) Eligibility Assessment

## Input Information
- **HS Code**: 2204 (Wine)
- **Country of Origin**: Australia
- **Intermediate Country**: Singapore
- **Final Destination**: Japan
- **Movement**: Australia → Singapore → Japan
- **Processing in Singapore**: No (stored in bonded warehouse only)
- **Current FTA for import**: Singapore-Australia FTA (SAFTA)
- **Potential FTAs for re-export**: RCEP or CPTPP

---

## FTA Eligibility Analysis

###",217390.11,10045.84,200,Success
2026-05-05T09:24:04.031523,40,load,Indirect,"If our PCO application is rejected by Singapore Customs due to insufficient supporting documents, what can we do to rectify and reapply, and how long does the appeal or correction process take?","# Rectifying and Reapplying for a Rejected PCO Application in Singapore

## Your Situation
- **Application Type:** Back-to-back Preferential Certificate of Origin (PCO) under RCEP
- **Origin:** Japan → Singapore → Indonesia
- **Issue:** PCO application rejected by Singapore Customs due to insufficient supporting documents

---

## What You Can Do to Rectify and Reapply

Based on the information retrieved from Singapore Customs procedures and web sources, here is the process to address a rejected",158285.03,10046.84,200,Success
2026-05-05T09:24:08.030956,40,load,Indirect,I import brooms with HS code 9603.10.20 from China to Singapore and would like to re-export to Malaysia. Am I eligible for any FTAs?,"# FTA Eligibility for Re-Exporting Brooms (HS 9603.10.20) from China to Malaysia via Singapore

Based on the information retrieved, I can provide you with a preliminary assessment of FTA eligibility. However, **critical information is still required** to provide a complete Back-to-Back PCO eligibility determination.

---

## ✅ Applicable FTAs Identified

**Good news:** China, Singapore, and Malaysia are all parties to **two common FTA groups** that could potentially apply to your re-export:

###",209025.55,10061.01,200,Success
2026-05-05T09:24:12.608242,40,load,Direct,"In what ways do digital trade provisions in relevant agreements create sector-specific opportunities and advantages, and how do they improve market access and cross-border dealings?",,301011.56,10045.39,200,Stream interrupted – chunked stream closed early (server/proxy/load)
